,Name,playerid,Team,Pos,PA,IP,Primary WAR,Total WAR
0,Shohei Ohtani,19755,Angels,DH,639.0,,5.11922979354858,8.1
1,Corbin Burnes,19361,Brewers,P,,167.0,7.47618246078491,7.6
2,Zack Wheeler,10310,Phillies,P,,213.1,7.25918245315552,7.3
3,Trea Turner,16252,- - -,2B/SS,646.0,,6.85881328582764,6.9
4,Vladimir Guerrero Jr.,19611,Blue Jays,1B,698.0,,6.68900632858276,6.7
5,Bryce Harper,11579,Phillies,RF,599.0,,6.63035774230957,6.6
6,Marcus Semien,12533,Blue Jays,2B,724.0,,6.62448263168335,6.6
7,Juan Soto,20123,Nationals,RF,654.0,,6.62259387969971,6.6
8,Jose Ramirez,13510,Cleveland,3B,636.0,,6.29552125930786,6.3
9,Fernando Tatis Jr.,19709,Padres,SS,546.0,,6.13876724243164,6.1
10,Carlos Correa,14162,Astros,SS,640.0,,5.77772951126099,5.8
11,Nathan Eovaldi,9132,Red Sox,P,,182.1,5.61710262298584,5.6
12,Walker Buehler,19374,Dodgers,P,,207.2,5.46828413009644,5.5
13,Starling Marte,9241,- - -,CF,526.0,,5.50118923187256,5.5
14,Aaron Judge,15640,Yankees,RF,633.0,,5.48837232589722,5.5
15,Bryan Reynolds,19326,Pirates,CF,646.0,,5.47444629669189,5.5
16,Brandon Crawford,5343,Giants,SS,549.0,,5.46972560882568,5.5
17,Jacob deGrom,10954,Mets,P,,92.0,4.87347412109375,5.4
18,Tyler O'Neill,15711,Cardinals,LF,537.0,,5.38748407363892,5.4
19,Julio Urias,14765,Dodgers,P,,185.2,4.9703369140625,5.4
20,Cedric Mullins,17929,Orioles,CF,675.0,,5.33809947967529,5.3
21,Gerrit Cole,13125,Yankees,P,,181.1,5.26391696929932,5.3
22,Brandon Lowe,18882,Rays,2B,615.0,,5.21499729156494,5.2
23,Xander Bogaerts,12161,Red Sox,SS,603.0,,5.19687557220459,5.2
24,Jose Altuve,5417,Astros,2B,678.0,,5.16859197616577,5.2
25,Kevin Gausman,14107,Giants,P,,192.0,4.79338884353638,5.0
26,Matt Olson,14344,Athletics,1B,673.0,,5.03258037567139,5.0
27,Buster Posey,9166,Giants,C,454.0,,4.93765068054199,4.9
28,Paul Goldschmidt,9218,Cardinals,1B,679.0,,4.92604112625122,4.9
29,Bo Bichette,19612,Blue Jays,SS,690.0,,4.88894557952881,4.9
30,Max Muncy L,13301,Dodgers,1B,592.0,,4.88104009628296,4.9
31,Carlos Rodon,16137,White Sox,P,,132.2,4.88896989822388,4.9
32,Kyle Tucker,18345,Astros,RF,567.0,,4.77627229690552,4.8
33,Aaron Nola,16149,Phillies,P,,180.2,4.45639657974243,4.8
34,Brandon Woodruff,16162,Brewers,P,,179.1,4.74464273452759,4.7
35,Rafael Devers,17350,Red Sox,3B,664.0,,4.6592435836792,4.7
36,Max Scherzer,3137,- - -,P,,179.1,5.36000204086304,4.7
37,Max Fried,13743,Braves,P,,165.2,3.79843235015869,4.6
38,Will Smith L,19197,Dodgers,C,501.0,,4.61023044586182,4.6
39,Dylan Cease,18525,White Sox,P,,165.2,4.3931188583374,4.6
40,Mike Zunino,13265,Rays,C,375.0,,4.52615976333618,4.5
41,Yoan Moncada,17232,White Sox,3B,616.0,,4.50636386871338,4.5
42,Charlie Morton,4676,Braves,P,,185.2,4.59659337997437,4.5
43,Freddie Freeman,5361,Braves,1B,695.0,,4.48600053787231,4.5
44,Jake Cronenworth,18036,Padres,2B/SS,643.0,,4.41222953796387,4.4
45,JT Realmuto,11739,Phillies,C,537.0,,4.4143705368042,4.4
46,Manny Machado,11493,Padres,3B,640.0,,4.4017653465271,4.4
47,Nicky Lopez,19339,Royals,SS,565.0,,4.35954999923706,4.4
48,Logan Webb,17995,Giants,P,,148.1,4.08117246627808,4.3
49,Tim Anderson,15172,White Sox,SS,551.0,,4.28604125976563,4.3
50,Ronald Acuna Jr.,18401,Braves,RF,360.0,,4.21045541763306,4.2
51,Lance Lynn,2520,White Sox,P,,157.0,4.17076110839844,4.2
52,Austin Riley,18360,Braves,3B,662.0,,4.17197751998901,4.2
53,Nick Castellanos,11737,Reds,RF,585.0,,4.16391134262085,4.2
54,Byron Buxton,14161,Twins,CF,254.0,,4.15945291519165,4.2
55,Ozzie Albies,16556,Braves,2B,686.0,,4.15890979766846,4.2
56,German Marquez,15038,Rockies,P,,180.0,3.41997766494751,4.1
57,Jose Berrios,14168,- - -,P,,192.0,4.11637377738953,4.1
58,Lucas Giolito,15474,White Sox,P,,178.2,4.03434085845947,4.1
59,Willy Adames,15986,- - -,SS,555.0,,4.06391976773739,4.1
60,Frankie Montas,14309,Athletics,P,,187.0,4.06276273727417,4.0
61,Nolan Arenado,9777,Cardinals,3B,653.0,,4.01452350616455,4.0
62,Justin Turner,5235,Dodgers,3B,612.0,,4.00166082382202,4.0
63,Trevor Rogers,22286,Marlins,P,,133.0,4.1983642578125,4.0
64,Enrique Hernandez,10472,Red Sox,2B/CF,585.0,,3.94963049888611,3.9
65,Jonathan India,21523,Reds,2B,631.0,,3.94611859321594,3.9
66,Jorge Polanco,13152,Twins,2B,644.0,,3.92060613632202,3.9
67,Sandy Alcantara,18684,Marlins,P,,205.2,4.17923164367676,3.9
68,Adam Wainwright,2233,Cardinals,P,,206.1,3.77838587760925,3.9
69,Teoscar Hernandez,13066,Blue Jays,RF/LF,595.0,,3.89163494110107,3.9
70,Mookie Betts,13611,Dodgers,RF,550.0,,3.88003635406494,3.9
71,Robbie Ray,11486,Blue Jays,P,,193.1,3.9316623210907,3.9
72,Luis Castillo,15689,Reds,P,,187.2,3.73559021949768,3.9
73,Freddy Peralta,18679,Brewers,P,,144.1,3.98126554489136,3.8
74,Eduardo Rodriguez,13164,Red Sox,P,,157.2,3.81294250488281,3.7
75,Yasmani Grandal,11368,White Sox,C,375.0,,3.72071504592896,3.7
76,Myles Straw,17620,- - -,CF,638.0,,3.69046008586884,3.7
77,Corey Seager,13624,Dodgers,SS,409.0,,3.68023443222046,3.7
78,Yordan Alvarez,19556,Astros,LF/DH,598.0,,3.65049314498901,3.7
79,Joey Votto,4314,Reds,1B,533.0,,3.64994430541992,3.6
80,Javier Baez,12979,- - -,2B/SS,547.0,,3.64505505561829,3.6
81,Clayton Kershaw,2036,Dodgers,P,,121.2,3.384526014328,3.6
82,Kris Bryant,15429,- - -,3B/LF,586.0,,3.5595611333847,3.6
83,Trevor Story,12564,Rockies,SS,595.0,,3.53869438171387,3.5
84,Joey Gallo,14128,- - -,RF/LF,616.0,,3.53699842095375,3.5
85,Ty France,17982,Mariners,1B,650.0,,3.4820294380188,3.5
86,Marcus Stroman,13431,Mets,P,,179.0,3.37800717353821,3.5
87,Tyler Mahle,16358,Reds,P,,180.0,3.76083183288574,3.5
88,Sean Manaea,15873,Athletics,P,,179.1,3.30782341957092,3.5
89,Brandon Nimmo,12927,Mets,CF,386.0,,3.45776891708374,3.5
90,Matt Chapman,16505,Athletics,3B,622.0,,3.44810509681702,3.4
91,Adam Frazier,15223,- - -,2B,639.0,,3.44201663136482,3.4
92,Harrison Bader,18030,Cardinals,CF,401.0,,3.38761329650879,3.4
93,Yulieski Gurriel,19198,Astros,1B,605.0,,3.35623455047607,3.4
94,Salvador Perez,7304,Royals,C,665.0,,3.35392570495605,3.4
95,Brandon Belt,10264,Giants,1B,381.0,,3.3406388759613,3.3
96,Chris Bassitt,12304,Athletics,P,,157.1,3.34808921813965,3.3
97,Randy Arozarena,19290,Rays,RF/LF,604.0,,3.29761409759521,3.3
98,Ranger Suarez,17277,Phillies,P,,106.0,3.02498817443848,3.3
99,Jordan Montgomery,16511,Yankees,P,,157.1,3.30873489379883,3.3
100,Sean Murphy,19352,Athletics,C,448.0,,3.26470732688904,3.3
101,Wade Miley,8779,Reds,P,,163.0,2.93705129623413,3.3
102,Whit Merrifield,11281,Royals,2B,720.0,,3.2492880821228,3.2
103,Lance McCullers Jr.,14120,Astros,P,,162.1,3.25260496139526,3.2
104,Jesse Winker,13590,Reds,LF,485.0,,3.1979706287384,3.2
105,Luis Robert,20043,White Sox,CF,296.0,,3.19644331932068,3.2
106,Jeimer Candelario,13621,Tigers,3B,626.0,,3.19267296791077,3.2
107,Dansby Swanson,18314,Braves,SS,653.0,,3.17758274078369,3.2
108,JP Crawford,15491,Mariners,SS,687.0,,3.13109874725342,3.1
109,Luis Garcia A,23735,Astros,P,,155.1,3.14091563224792,3.1
110,Chris Taylor,13757,Dodgers,2B/CF,582.0,,3.07187294960022,3.1
111,Kyle Schwarber,16478,- - -,LF,471.0,,3.06343579292297,3.1
112,Kyle Gibson,10123,- - -,P,,182.0,2.98492634296417,3.0
113,Antonio Senzatela,15488,Rockies,P,,156.2,3.48360681533813,3.0
114,Pete Alonso,19251,Mets,1B,637.0,,2.99942135810852,3.0
115,Chris Flexen,13896,Mariners,P,,179.2,3.02913951873779,3.0
116,Eduardo Escobar,6153,- - -,2B/3B,599.0,,2.9841057062149,3.0
117,AJ Pollock,9256,Dodgers,LF,422.0,,2.98282504081726,3.0
118,Kolten Wong,12532,Brewers,2B,492.0,,2.94300127029419,2.9
119,Avisail Garcia,5760,Brewers,RF,515.0,,2.92137885093689,2.9
120,Max Stassi,10059,Angels,C,319.0,,2.91660594940186,2.9
121,Ketel Marte,13613,Diamondbacks,CF,374.0,,2.90033841133118,2.9
122,Jose Abreu,15676,White Sox,1B,659.0,,2.86216807365417,2.9
123,JD Martinez,6184,Red Sox,DH,634.0,,2.85873651504517,2.9
124,Adolis Garcia,19287,Rangers,RF/CF,622.0,,2.85124492645264,2.9
125,Mitch Haniger,14274,Mariners,RF,691.0,,2.82475471496582,2.8
126,Omar Narvaez,13338,Brewers,C,445.0,,2.81187057495117,2.8
127,Anthony DeSclafani,13050,Giants,P,,167.2,3.02283334732056,2.8
128,Miguel Rojas,7802,Marlins,SS,539.0,,2.78950452804565,2.8
129,Dylan Carlson,20126,Cardinals,RF/CF,619.0,,2.76474213600159,2.8
130,Yu Darvish,13074,Padres,P,,166.1,2.86275815963745,2.8
131,Jared Walsh,18607,Angels,1B,585.0,,2.75528407096863,2.8
132,Steven Matz,13361,Blue Jays,P,,150.2,2.76114940643311,2.7
133,Tony Kemp,14894,Athletics,2B/LF,397.0,,2.71663308143616,2.7
134,Amed Rosario,15518,Cleveland,SS,588.0,,2.69370532035828,2.7
135,Joe Musgrove,12970,Padres,P,,181.1,3.29929089546204,2.7
136,Liam Hendriks,3548,White Sox,P,,71.0,2.68762016296387,2.7
137,Robbie Grossman,5254,Tigers,RF/LF,671.0,,2.68187856674194,2.7
138,Luis Urias,16622,Brewers,3B/SS,570.0,,2.67421388626099,2.7
139,Francisco Lindor,12916,Mets,SS,524.0,,2.65896964073181,2.7
140,Giancarlo Stanton,4949,Yankees,DH,579.0,,2.62755846977234,2.6
141,Joe Wendle,13853,Rays,3B,501.0,,2.60683751106262,2.6
142,Josh Hader,14212,Brewers,P,,58.2,2.59376978874207,2.6
143,Mark Canha,11445,Athletics,LF,625.0,,2.5887713432312,2.6
144,Jacob Stallings,13723,Pirates,C,427.0,,2.57412815093994,2.6
145,Ryan McMahon,15112,Rockies,2B/3B,596.0,,2.53881335258484,2.5
146,John Means,16269,Orioles,P,,146.2,2.4874894618988,2.5
147,Shane Bieber,19427,Cleveland,P,,96.2,2.59666180610657,2.5
148,Tyler Glasnow,14374,Rays,P,,88.0,2.54987049102783,2.5
149,Darin Ruf,9929,Giants,1B/LF,312.0,,2.52278971672058,2.5
150,Shane McClanahan,21483,Rays,P,,123.1,2.51895952224731,2.5
151,Wander Franco,23667,Rays,SS,308.0,,2.50190925598145,2.5
152,Kevin Kiermaier,11038,Rays,CF,390.0,,2.48124980926514,2.5
153,Alex Cobb,6562,Angels,P,,93.1,2.48939251899719,2.5
154,Jean Segura,5933,Phillies,2B,567.0,,2.46899151802063,2.5
155,Kyle Seager,9785,Mariners,3B,670.0,,2.46368718147278,2.5
156,DJ LeMahieu,9874,Yankees,1B/2B,679.0,,2.43938040733337,2.4
157,Ryan Pressly,7005,Astros,P,,64.0,2.43210411071777,2.4
158,Hyun-Jin Ryu,14444,Blue Jays,P,,169.0,2.47190618515015,2.4
159,George Springer,12856,Blue Jays,CF/DH,342.0,,2.41683959960938,2.4
160,Jonathan Loaisiga,19753,Yankees,P,,70.2,2.39723706245422,2.4
161,Adam Duvall,10950,- - -,RF/LF,555.0,,2.38152426481247,2.4
162,Sonny Gray,12768,Reds,P,,135.1,2.37629055976868,2.4
163,Austin Hays,19363,Orioles,RF/LF,529.0,,2.35278940200806,2.4
164,CJ Cron,12546,Rockies,1B,547.0,,2.34007239341736,2.3
165,Tommy Edman,19470,Cardinals,2B,691.0,,2.33591246604919,2.3
166,Rhys Hoskins,16472,Phillies,1B,443.0,,2.33542370796204,2.3
167,Isiah Kiner-Falefa,16512,Rangers,SS,677.0,,2.28721380233765,2.3
168,Mike Trout,10155,Angels,CF,146.0,,2.2806875705719,2.3
169,Alex Wood,13781,Giants,P,,138.2,2.51786208152771,2.3
170,Merrill Kelly,11156,Diamondbacks,P,,158.0,2.38502526283264,2.3
171,Patrick Wisdom,13602,Cubs,3B,375.0,,2.25600504875183,2.3
172,Mike Yastrzemski,14854,Giants,RF,532.0,,2.24892020225525,2.2
173,Logan Gilbert,22250,Mariners,P,,119.1,2.23479151725769,2.2
174,Giovanny Gallegos,14986,Cardinals,P,,80.1,2.22315192222595,2.2
175,Tanner Houck,19879,Red Sox,P,,69.0,2.21467924118042,2.2
176,Cesar Hernandez,10556,- - -,2B,637.0,,2.1944799721241,2.2
177,Josh Donaldson,5038,Twins,3B/DH,543.0,,2.19129467010498,2.2
178,Santiago Espinal,19997,Blue Jays,3B,246.0,,2.17764782905579,2.2
179,Emmanuel Clase,21032,Cleveland,P,,69.2,2.1769061088562,2.2
180,Mike Minor,10021,Royals,P,,158.2,2.25246953964233,2.2
181,Craig Kimbrel,6655,- - -,P,,59.2,2.18286295048892,2.2
182,Jonathan Villar,10071,Mets,3B,505.0,,2.14283585548401,2.1
183,Scott Barlow,14993,Royals,P,,74.1,2.13946509361267,2.1
184,Pablo Lopez,17085,Marlins,P,,102.2,2.28602743148804,2.1
185,Steven Duggar,17719,Giants,CF,297.0,,2.12952589988708,2.1
186,Andrew Benintendi,17901,Royals,LF,538.0,,2.12794280052185,2.1
187,Nick Pivetta,15454,Red Sox,P,,155.0,2.14988970756531,2.1
188,Ramon Laureano,17128,Athletics,CF,378.0,,2.12544918060303,2.1
189,Michael Brantley,4106,Astros,LF,508.0,,2.11845541000366,2.1
190,Mitch Garver,15161,Twins,C,243.0,,2.11751794815063,2.1
191,Willson Contreras,11609,Cubs,C,483.0,,2.10820960998535,2.1
192,Cole Irvin,19244,Athletics,P,,178.1,2.05543112754822,2.1
193,Trent Grisham,18564,Padres,CF,527.0,,2.07314157485962,2.1
194,Tyler Anderson,12880,- - -,P,,167.0,2.06781339645386,2.1
195,Frank Schwindel,15351,- - -,1B,259.0,,2.06501318514347,2.1
196,Blake Snell,13543,Padres,P,,128.2,2.14468622207642,2.1
197,Jameson Taillon,11674,Yankees,P,,144.1,2.0052444934845,2.0
198,Edwin Diaz,14710,Mets,P,,62.2,2.02575302124023,2.0
199,Josh Rojas,19734,Diamondbacks,2B/SS,550.0,,2.0233473777771,2.0
200,Brady Singer,25377,Royals,P,,128.1,2.01978635787964,2.0
201,Alex Bregman,17678,Astros,3B,400.0,,2.01442360877991,2.0
202,Raisel Iglesias,17130,Angels,P,,70.0,2.00942730903625,2.0
203,Jon Gray,14916,Rockies,P,,149.0,2.26517295837402,2.0
204,Austin Meadows,15672,Rays,LF/DH,591.0,,2.00598573684692,2.0
205,Alex Verdugo,17027,Red Sox,CF/LF,604.0,,1.99900984764099,2.0
206,Eric Lauer,19316,Brewers,P,,118.2,1.6843353509903,2.0
207,Alek Manoah,26410,Blue Jays,P,,111.2,2.00583434104919,2.0
208,Tyler Stephenson,17988,Reds,C,402.0,,1.97242784500122,2.0
209,Daulton Varsho,19918,Diamondbacks,C/CF,315.0,,1.96650552749634,2.0
210,Nelson Cruz,2434,- - -,DH,584.0,,1.96263499557972,2.0
211,Cal Quantrill,19312,Cleveland,P,,149.2,1.90838301181793,2.0
212,Leury Garcia,5913,White Sox,PH/PR,474.0,,1.95455837249756,2.0
213,Akil Baddoo,22168,Tigers,CF/LF,461.0,,1.92129182815552,1.9
214,Chas McCormick,19599,Astros,CF/LF,320.0,,1.89014494419098,1.9
215,Madison Bumgarner,5524,Diamondbacks,P,,146.1,1.54840695858002,1.9
216,Zach Eflin,13774,Phillies,P,,105.2,2.15788435935974,1.9
217,Michael A Taylor,11489,Royals,CF,528.0,,1.86820459365845,1.9
218,Max Kepler,12144,Twins,RF,490.0,,1.85748612880707,1.9
219,Jose Urquidy,18413,Astros,P,,107.0,1.81754958629608,1.8
220,Framber Valdez,17295,Astros,P,,134.2,1.87720358371735,1.8
221,Blake Treinen,12572,Dodgers,P,,72.1,1.83542513847351,1.8
222,Collin McHugh,7531,Rays,P,,64.0,1.83111417293549,1.8
223,Dane Dunning,19409,Rangers,P,,117.2,1.77504312992096,1.8
224,Yandy Diaz,16578,Rays,1B/3B,541.0,,1.82952415943146,1.8
225,Hunter Renfroe,15464,Red Sox,RF,572.0,,1.81738603115082,1.8
226,Luis Arraez,18568,Twins,2B/3B,479.0,,1.81522881984711,1.8
227,Matt Harvey,11713,Orioles,P,,127.2,1.87341582775116,1.8
228,Kenley Jansen,3096,Dodgers,P,,69.0,1.80592632293701,1.8
229,Brett Phillips,14735,Rays,RF/CF,292.0,,1.81043815612793,1.8
230,Huascar Ynoa,20468,Braves,P,,91.0,1.41180527210236,1.8
231,Lorenzo Cain,9077,Brewers,CF,286.0,,1.75322163105011,1.8
232,Austin Slater,16153,Giants,CF/LF,306.0,,1.75904500484467,1.7
233,Carson Kelly,13620,Diamondbacks,C,359.0,,1.72652876377106,1.7
234,Alcides Escobar,6310,Nationals,SS,349.0,,1.70847654342651,1.7
235,Zac Gallen,19291,Diamondbacks,P,,121.1,1.47437644004822,1.7
236,Evan Longoria,9368,Giants,3B,291.0,,1.69687640666962,1.7
237,Joe Ross,12972,Nationals,P,,108.0,1.34005057811737,1.7
238,Kenta Maeda,18498,Twins,P,,106.1,1.69438695907593,1.7
239,Michael Kopech,17282,White Sox,P,,69.1,1.69052910804749,1.7
240,Nestor Cortes,17874,Yankees,P,,93.0,1.67872536182404,1.7
241,Gleyber Torres,16997,Yankees,SS,516.0,,1.6616313457489,1.7
242,Ian Anderson,19951,Braves,P,,128.1,1.87165474891663,1.7
243,Kyle Farmer,14813,Reds,SS,529.0,,1.64878916740417,1.6
244,Ramon Urias,18795,Orioles,2B/SS,296.0,,1.64835572242737,1.6
245,Rafael Ortega,10323,Cubs,CF,330.0,,1.64335465431213,1.6
246,Danny Duffy,3542,Royals,P,,61.0,1.64137601852417,1.6
247,Brendan Rodgers,17907,Rockies,2B,415.0,,1.64125025272369,1.6
248,Edmundo Sosa,17022,Cardinals,SS,326.0,,1.63458728790283,1.6
249,Garrett Whitlock,20191,Red Sox,P,,73.1,1.5724048614502,1.6
250,Rich Hill,4806,- - -,P,,158.2,1.65980976819992,1.6
251,Ryan Tepera,10291,- - -,P,,61.1,1.61796998977661,1.6
252,Anthony Rizzo,3473,- - -,1B,576.0,,1.61269950866699,1.6
253,Chad Green,15552,Yankees,P,,83.2,1.61004424095154,1.6
254,Aaron Loup,10343,Mets,P,,56.2,1.60049653053284,1.6
255,Elias Diaz,11680,Rockies,C,371.0,,1.59823107719421,1.6
256,Jazz Chisholm Jr.,20454,Marlins,2B/SS,507.0,,1.59379959106445,1.6
257,LaMonte Wade Jr.,18126,Giants,RF/LF,381.0,,1.57476270198822,1.6
258,Yan Gomes,9627,- - -,C,375.0,,1.56735949218273,1.6
259,Taylor Rogers,13449,Twins,P,,40.1,1.56563246250153,1.6
260,Michael Fulmer,13218,Tigers,P,,69.2,1.56398320198059,1.6
261,Paul DeJong,18015,Cardinals,SS,402.0,,1.56361424922943,1.6
262,Freddy Galvis,6609,- - -,SS,394.0,,1.55756264925003,1.6
263,Nathaniel Lowe,19566,Rangers,1B,642.0,,1.55721402168274,1.6
264,JD Davis,16219,Mets,3B,211.0,,1.55379545688629,1.6
265,Chris Paddack,20099,Padres,P,,108.1,1.78826880455017,1.6
266,Lourdes Gurriel Jr.,19238,Blue Jays,LF,541.0,,1.54543805122375,1.5
267,Patrick Sandoval,19447,Angels,P,,87.0,1.51186871528625,1.5
268,Josh Harrison,8202,- - -,2B,558.0,,1.53817783296108,1.5
269,Trevor Bauer,12703,Dodgers,P,,107.2,1.75479710102081,1.5
270,Matt Boyd,15440,Tigers,P,,78.2,1.41607713699341,1.5
271,Spencer Turnbull,16207,Tigers,P,,50.0,1.52404963970184,1.5
272,Ke'Bryan Hayes,18577,Pirates,3B,396.0,,1.5239315032959,1.5
273,Christian Yelich,11477,Brewers,LF,475.0,,1.51779413223267,1.5
274,Adrian Houser,12718,Brewers,P,,142.1,1.49094414710999,1.5
275,Manuel Pina,2829,Brewers,C,208.0,,1.50059819221497,1.5
276,Tommy Pham,2967,Padres,LF,561.0,,1.49887704849243,1.5
277,Johnny Cueto,6893,Giants,P,,114.2,1.50859892368317,1.5
278,Dylan Floro,13394,Marlins,P,,64.0,1.49310874938965,1.5
279,Matt Duffy,13836,Cubs,3B,322.0,,1.48694431781769,1.5
280,Cole Sulser,15256,Orioles,P,,63.1,1.47821247577667,1.5
281,Charlie Blackmon,7859,Rockies,RF,582.0,,1.47504436969757,1.5
282,Drew Rasmussen,25385,- - -,P,,76.0,1.4404297247529,1.5
283,Lucas Luetge,8337,Yankees,P,,72.1,1.46986067295074,1.5
284,Jonathan Schoop,11265,Tigers,1B,674.0,,1.46715652942657,1.5
285,Andrew Kittredge,12828,Rays,P,,71.2,1.46270906925201,1.5
286,Gary Sanchez,11442,Yankees,C,440.0,,1.45881986618042,1.5
287,Tyrone Taylor,13675,Brewers,RF/LF,271.0,,1.45002472400665,1.5
288,Corey Kluber,2429,Yankees,P,,80.0,1.47042059898376,1.4
289,Paul Sewald,13892,Mariners,P,,64.2,1.44368398189545,1.4
290,Ryan Mountcastle,18373,Orioles,1B/DH,586.0,,1.43491804599762,1.4
291,Andrew Chafin,12988,- - -,P,,68.2,1.43333002924919,1.4
292,Wil Myers,10047,Padres,RF,500.0,,1.40585947036743,1.4
293,Danny Jansen,16535,Blue Jays,C,205.0,,1.40473258495331,1.4
294,Michael Pineda,5372,Twins,P,,109.1,1.41677725315094,1.4
295,Connor Joe,16572,Rockies,1B/LF,211.0,,1.37889230251312,1.4
296,Brett Gardner,9927,Yankees,CF/LF,461.0,,1.37844085693359,1.4
297,Tyler Naquin,13359,Reds,CF,454.0,,1.37720310688019,1.4
298,Devin Williams,15816,Brewers,P,,54.0,1.37650728225708,1.4
299,Josh Bell,13145,Nationals,1B,568.0,,1.3705575466156,1.4
300,Casey Mize,20492,Tigers,P,,150.1,1.34325671195984,1.4
301,Manuel Margot,14712,Rays,RF,464.0,,1.36651146411896,1.4
302,Taijuan Walker,11836,Mets,P,,159.0,1.3852664232254,1.4
303,Garrett Crochet,27463,White Sox,P,,54.1,1.34930074214935,1.3
304,Reese McGuire,15674,Blue Jays,C,217.0,,1.34814190864563,1.3
305,Franmil Reyes,14566,Cleveland,DH,466.0,,1.34328758716583,1.3
306,Nick Madrigal,20521,White Sox,2B,215.0,,1.33552753925323,1.3
307,Ian Happ,17919,Cubs,CF/LF,535.0,,1.33014178276062,1.3
308,Francisco Mejia,16403,Rays,C,277.0,,1.39705312252045,1.3
309,James Kaprielian,18331,Athletics,P,,119.1,1.26654803752899,1.3
310,Trevor Williams,16977,- - -,P,,91.0,1.18100863695145,1.3
311,Drew Steckenrider,18806,Mariners,P,,67.2,1.30549252033234,1.3
312,Zach Thompson,16094,Marlins,P,,75.0,1.27827203273773,1.3
313,Domingo German,17149,Yankees,P,,98.1,1.31865298748016,1.3
314,AJ Minter,18655,Braves,P,,52.1,1.29109275341034,1.3
315,Zack Greinke,1943,Astros,P,,171.0,1.29113900661469,1.3
316,Brian Anderson,18289,Marlins,3B,264.0,,1.26603162288666,1.3
317,Matt Barnes,12863,Red Sox,P,,54.2,1.26027488708496,1.3
318,Tyler Rogers,15541,Giants,P,,81.0,1.25967252254486,1.3
319,Lucas Sims,13470,Reds,P,,47.0,1.27926158905029,1.3
320,Jose Suarez,19911,Angels,P,,98.1,1.26547944545746,1.3
321,Wilmer Flores,5827,Giants,1B/3B,436.0,,1.24888730049133,1.2
322,Jesus Aguilar,11342,Marlins,1B,510.0,,1.24513292312622,1.2
323,Abraham Toro,19844,- - -,2B/3B,375.0,,1.23133125901222,1.2
324,Andrew McCutchen,9847,Phillies,LF,574.0,,1.22503554821014,1.2
325,Kyle Hendricks,12049,Cubs,P,,181.0,1.2614963054657,1.2
326,Aaron Bummer,16258,White Sox,P,,56.1,1.21142709255219,1.2
327,Tucker Barnhart,10200,Reds,C,388.0,,1.21038258075714,1.2
328,Ryan Yarbrough,16502,Rays,P,,155.0,1.24803531169891,1.2
329,Kwang-hyun Kim,27458,Cardinals,P,,106.2,1.17580628395081,1.2
330,Jack Flaherty,17479,Cardinals,P,,78.1,0.879186809062958,1.2
331,Ben Gamel,12160,- - -,LF,400.0,,1.18076549470425,1.2
332,Jordan Romano,16122,Blue Jays,P,,63.0,1.17912650108337,1.2
333,Adam Engel,15082,White Sox,CF,140.0,,1.1773077249527,1.2
334,Triston McKenzie,18000,Cleveland,P,,120.0,1.12561082839966,1.2
335,Paolo Espino,8246,Nationals,P,,109.2,1.14922082424164,1.2
336,David Bednar,19569,Pirates,P,,60.2,1.1713148355484,1.2
337,Kyle Freeland,16256,Rockies,P,,120.2,1.49955642223358,1.1
338,Genesis Cabrera,17490,Cardinals,P,,70.0,1.14006125926971,1.1
339,Andrew Heaney,15423,- - -,P,,129.2,1.04849654436111,1.1
340,Adam Cimber,15288,- - -,P,,71.2,1.15010532736778,1.1
341,Austin Gomber,16561,Rockies,P,,115.1,1.30827486515045,1.1
342,Mitch Keller,17594,Pirates,P,,100.2,1.11534690856934,1.1
343,Nick Solak,19294,Rangers,2B,511.0,,1.11265134811401,1.1
344,Christian Arroyo,16434,Red Sox,2B,181.0,,1.18597149848938,1.1
345,Jose Alvarez,5358,Giants,P,,64.2,1.02236449718475,1.1
346,Donovan Solano,8623,Giants,2B,344.0,,1.10950303077698,1.1
347,Casey Sadler,11209,Mariners,P,,40.1,1.10384106636047,1.1
348,Jake McGee,7550,Giants,P,,59.2,1.10295474529266,1.1
349,Jake Odorizzi,6397,Astros,P,,104.2,1.10968208312988,1.1
350,Yusei Kikuchi,20633,Mariners,P,,157.0,1.11900663375854,1.1
351,Garrett Cooper,15279,Marlins,1B/RF,250.0,,1.09064900875092,1.1
352,Kendall Graveman,15514,- - -,P,,56.0,1.0871199965477,1.1
353,Matt Wisler,12804,- - -,P,,48.2,1.09456780925393,1.1
354,Tyler Matzek,10058,Braves,P,,63.0,1.07282638549805,1.1
355,Jason Castro,8722,Astros,C,179.0,,1.0723090171814,1.1
356,Mark Melancon,4264,Padres,P,,64.2,1.07749605178833,1.1
357,Jake Meyers,20308,Astros,CF,163.0,,1.06426763534546,1.1
358,Elvis Andrus,8709,Athletics,SS,541.0,,1.06114208698273,1.1
359,Clay Holmes,13649,- - -,P,,70.0,1.07223790884018,1.1
360,Odubel Herrera,11476,Phillies,CF,492.0,,1.0607100725174,1.1
361,Zach Plesac,19979,Cleveland,P,,142.2,1.06027042865753,1.1
362,Seth Brown,18171,Athletics,RF,307.0,,1.05941271781921,1.1
363,Jonah Heim,16930,Rangers,C,285.0,,1.05690515041351,1.1
364,Bradley Zimmer,16221,Cleveland,RF/CF,348.0,,1.05310142040253,1.1
365,Daniel Hudson,7146,- - -,P,,51.2,1.05143171548843,1.1
366,Jose Iglesias,10231,- - -,SS,511.0,,1.04190999269485,1.0
367,Eric Haase,14111,Tigers,C,381.0,,1.03688943386078,1.0
368,Michael Wacha,14078,Rays,P,,124.2,1.06349766254425,1.0
369,Brad Keller,15734,Royals,P,,133.2,1.10648047924042,1.0
370,Andy Ibanez,18819,Rangers,2B,272.0,,1.02655136585236,1.0
371,Gavin Lux,19955,Dodgers,2B/SS,381.0,,1.02224659919739,1.0
372,Tyler Alexander,17735,Tigers,P,,106.1,1.04311835765839,1.0
373,David Peralta,2136,Diamondbacks,LF,538.0,,1.08641088008881,1.0
374,Josh Taylor,17359,Red Sox,P,,47.2,1.02033042907715,1.0
375,Bailey Ober,21224,Twins,P,,92.1,0.968131065368652,1.0
376,Garrett Richards,9784,Red Sox,P,,136.2,0.959464192390442,1.0
377,Brad Miller,12775,Phillies,1B,377.0,,1.00362968444824,1.0
378,Jake Rogers,19452,Tigers,C,127.0,,1.00929415225983,1.0
379,Richard Bleier,7803,Marlins,P,,58.0,1.00121521949768,1.0
380,Yadier Molina,7007,Cardinals,C,473.0,,0.985519766807556,1.0
381,Josh Staumont,18335,Royals,P,,65.2,0.983989298343658,1.0
382,Giovanny Urshela,10681,Yankees,3B,442.0,,0.973666548728943,1.0
383,Tom Murphy,13499,Mariners,C,325.0,,0.965366542339325,1.0
384,Pete Fairbanks,17998,Rays,P,,42.2,0.965084612369537,1.0
385,Brandon Marsh,20202,Angels,CF,260.0,,0.962773859500885,1.0
386,Anthony Bender,19742,Marlins,P,,61.1,0.982689797878265,1.0
387,Austin Nola,15941,Padres,C,194.0,,0.95426881313324,1.0
388,Tyler Wells,20000,Orioles,P,,57.0,0.947070479393005,0.9
389,Tylor Megill,21318,Mets,P,,89.2,0.634761989116669,0.9
390,Jesse Chavez,5448,Braves,P,,33.2,0.967960715293884,0.9
391,Tim Mayza,15042,Blue Jays,P,,53.0,0.929794907569885,0.9
392,Tyler Wade,15730,Yankees,3B/SS,145.0,,0.926141321659088,0.9
393,Jimmy Nelson,10547,Dodgers,P,,29.0,0.954794704914093,0.9
394,Carlos Hernandez,22713,Royals,P,,85.2,0.965376496315002,0.9
395,Aledmys Diaz,15937,Astros,3B,319.0,,0.911203682422638,0.9
396,Ji-Man Choi,5452,Rays,1B,305.0,,0.907863736152649,0.9
397,Eddie Rosario,12155,- - -,LF,412.0,,0.903055548667908,0.9
398,Luis Cessa,13345,- - -,P,,64.2,0.898157715797424,0.9
399,Dominic Leone,13763,Giants,P,,53.2,0.895706117153168,0.9
400,Adbert Alzolay,17859,Cubs,P,,125.2,1.02928185462952,0.9
401,Tomas Nido,13755,Mets,C,161.0,,0.880803465843201,0.9
402,Jace Peterson,12325,Brewers,1B/2B,302.0,,0.852898061275482,0.9
403,David Price,3184,Dodgers,P,,73.2,0.702099919319153,0.9
404,Caleb Thielbar,10078,Twins,P,,64.0,0.861824572086334,0.9
405,Steve Cishek,6483,Angels,P,,68.1,0.858179748058319,0.9
406,Jed Lowrie,4418,Athletics,2B/DH,512.0,,0.854127109050751,0.9
407,Thairo Estrada,16426,Giants,2B/SS,132.0,,0.85272628068924,0.9
408,Matt Manning,20369,Tigers,P,,85.1,0.860271036624908,0.8
409,Nico Hoerner,21479,Cubs,2B/SS,170.0,,0.844907999038696,0.8
410,Pierce Johnson,13435,Padres,P,,58.2,0.833160698413849,0.8
411,Matt Beaty,17710,Dodgers,1B/RF/LF,234.0,,0.818606734275818,0.8
412,Brad Boxberger,10133,Brewers,P,,64.2,0.812393844127655,0.8
413,Aaron Civale,19479,Cleveland,P,,124.1,0.776473879814148,0.8
414,Michael Conforto,16376,Mets,RF,479.0,,0.808672845363617,0.8
415,Alec Mills,13834,Cubs,P,,119.0,1.08756005764008,0.8
416,Tejay Antone,16233,Reds,P,,33.2,0.779633462429047,0.8
417,Brooks Raley,10061,Astros,P,,49.0,0.7882120013237,0.8
418,Craig Stammen,7274,Padres,P,,88.1,0.75873875617981,0.8
419,Jorge Lopez,14527,Orioles,P,,121.2,0.803435742855072,0.8
420,Bryan De La Cruz,19600,Marlins,RF/CF/LF,219.0,,0.778517127037048,0.8
421,Austin Barnes,12158,Dodgers,C,225.0,,0.774181246757507,0.8
422,Chris Sale,10603,Red Sox,P,,42.2,0.783266603946686,0.8
423,Andres Gimenez,19950,Cleveland,2B/SS,210.0,,0.77153468132019,0.8
424,Brett Anderson,8223,Brewers,P,,96.0,0.913409531116486,0.8
425,Tyler Duffey,13758,Twins,P,,62.1,0.763755738735199,0.8
426,Erick Fedde,17425,Nationals,P,,133.1,1.19098138809204,0.8
427,Tony Watson,3132,- - -,P,,57.1,0.770868048071861,0.8
428,Richard Rodriguez,13549,- - -,P,,64.1,0.755996465682983,0.8
429,Corey Dickerson,10762,- - -,LF,365.0,,0.75563445687294,0.8
430,Austin Warren,24937,Angels,P,,20.1,0.749767065048218,0.7
431,Wily Peralta,7738,Tigers,P,,93.2,0.711532413959503,0.7
432,Connor Brogdon,21205,Phillies,P,,57.2,0.742019057273865,0.7
433,Codi Heuer,23293,- - -,P,,67.1,0.739265069365501,0.7
434,Mike Mayers,15451,Angels,P,,75.0,0.738194465637207,0.7
435,Chris Stratton,13761,Pirates,P,,79.1,0.745688796043396,0.7
436,Michael King,19853,Yankees,P,,63.1,0.710551738739014,0.7
437,Tarik Skubal,22267,Tigers,P,,149.1,0.737509369850159,0.7
438,Kevin Pillar,12434,Mets,CF/LF,347.0,,0.701929569244385,0.7
439,Joe Mantiply,14857,Diamondbacks,P,,39.2,0.694071292877197,0.7
440,Luis Garcia C,6984,Cardinals,P,,33.1,0.689749836921692,0.7
441,Reynaldo Lopez,16400,White Sox,P,,57.2,0.685129821300507,0.7
442,Diego Castillo,17496,- - -,P,,58.1,0.676254294812679,0.7
443,Joey Lucchesi,19320,Mets,P,,38.1,0.733121514320374,0.7
444,Bobby Dalbec,19966,Red Sox,1B,453.0,,0.673154175281525,0.7
445,Joe Kelly,9761,Dodgers,P,,44.0,0.702547132968903,0.7
446,Cristian Javier,17606,Astros,P,,101.1,0.660421073436737,0.7
447,Kyle Muller,20167,Braves,P,,36.2,0.666456758975983,0.7
448,Phil Maton,18064,- - -,P,,66.2,0.667823471128941,0.7
449,Alejandro Kirk,22581,Blue Jays,C,189.0,,0.650661170482635,0.7
450,Anthony Rendon,12861,Angels,3B,249.0,,0.650072515010834,0.7
451,Anthony Santander,14551,Orioles,RF,438.0,,0.64994078874588,0.6
452,Trey Mancini,15149,Orioles,1B/DH,616.0,,0.649648308753967,0.6
453,Luke Jackson,11752,Braves,P,,63.2,0.649638772010803,0.6
454,Luis Patino,22815,Rays,P,,77.1,0.64838707447052,0.6
455,Spencer Patton,12361,Rangers,P,,42.1,0.648179292678833,0.6
456,Ryan Thompson,16647,Rays,P,,34.0,0.647052943706512,0.6
457,Jorge Alfaro,12180,Marlins,C,311.0,,0.635967552661896,0.6
458,Rougned Odor,12282,Yankees,2B/3B,361.0,,0.635221600532532,0.6
459,Ryan Jeffers,24618,Twins,C,293.0,,0.634558379650116,0.6
460,Paul Fry,15832,Orioles,P,,47.1,0.630249202251434,0.6
461,Luke Weaver,16918,Diamondbacks,P,,65.2,0.659801363945007,0.6
462,Lou Trivino,15043,Athletics,P,,73.2,0.628315508365631,0.6
463,Jose Trevino,16725,Rangers,C,302.0,,0.62790858745575,0.6
464,Dinelson Lamet,17186,Padres,P,,47.0,0.63799637556076,0.6
465,Nick Sandlin,20517,Cleveland,P,,33.2,0.618631064891815,0.6
466,Joely Rodriguez,11487,- - -,P,,46.1,0.618179738521576,0.6
467,Tres Barrera,19977,Nationals,C,107.0,,0.616886615753174,0.6
468,Jesus Sanchez,19913,Marlins,RF/LF,251.0,,0.615991115570068,0.6
469,Tony Gonsolin,19388,Dodgers,P,,55.2,0.499010026454926,0.6
470,Adalberto Mondesi,13769,Royals,3B/SS,136.0,,0.600784003734589,0.6
471,Aroldis Chapman,10233,Yankees,P,,56.1,0.600248456001282,0.6
472,Keegan Akin,19362,Orioles,P,,95.0,0.616945564746857,0.6
473,Dietrich Enns,13932,Rays,P,,22.1,0.592721164226532,0.6
474,Ha-seong Kim,27506,Padres,2B/3B/SS,298.0,,0.589246392250061,0.6
475,Travis d'Arnaud,7739,Braves,C,229.0,,0.588846921920776,0.6
476,Lars Nootbaar,21454,Cardinals,RF/LF,124.0,,0.588388442993164,0.6
477,Jack Mayfield,15402,- - -,3B,290.0,,0.582548148930073,0.6
478,Kyle Higashioka,5517,Yankees,C,211.0,,0.584452211856842,0.6
479,John King,22051,Rangers,P,,46.0,0.590927183628082,0.6
480,Daniel Bard,7115,Rockies,P,,65.2,0.519574761390686,0.6
481,Jose Cisnero,6399,Tigers,P,,61.2,0.589164912700653,0.6
482,Corey Knebel,15010,Dodgers,P,,25.2,0.599852979183197,0.6
483,Dallas Keuchel,9434,White Sox,P,,162.0,0.598116517066956,0.6
484,Charlie Culberson,3298,Rangers,3B,271.0,,0.562433421611786,0.6
485,Brett Martin,17369,Rangers,P,,62.1,0.574905753135681,0.6
486,Glenn Otto,21366,Rangers,P,,23.1,0.573386907577515,0.6
487,Taylor Clarke,17611,Diamondbacks,P,,43.1,0.533252418041229,0.6
488,Carlos Estevez,14542,Rockies,P,,61.2,0.56706291437149,0.6
489,Hanser Alberto,11902,Royals,2B/3B,255.0,,0.564217269420624,0.6
490,Joe Ryan,21390,Twins,P,,26.2,0.58667653799057,0.6
491,Nick Maton,21635,Phillies,2B/SS,131.0,,0.548671662807465,0.6
492,Oscar Mercado,16375,Cleveland,RF/LF,238.0,,0.560611307621002,0.6
493,Justin Dunn,19268,Mariners,P,,50.1,0.487561643123627,0.6
494,Art Warren,18251,Reds,P,,21.0,0.555327653884888,0.6
495,Joc Pederson,11899,- - -,RF/LF,481.0,,0.551282338798046,0.6
496,Eugenio Suarez,12552,Reds,3B,574.0,,0.550932288169861,0.6
497,Guillermo Heredia,18721,Braves,CF,347.0,,0.549621880054474,0.5
498,Yonathan Daza,15794,Rockies,CF,331.0,,0.54640257358551,0.5
499,Noe Ramirez,12800,- - -,P,,36.0,0.545733094215393,0.5
500,Kevin Plawecki,13807,Red Sox,C,173.0,,0.537708401679993,0.5
501,Hector Neris,11804,Phillies,P,,74.1,0.555347621440887,0.5
502,Lane Thomas,16939,- - -,CF,264.0,,0.539699643850327,0.5
503,Chris Owings,10030,Rockies,PH/PR,50.0,,0.538014829158783,0.5
504,Taylor Ward,17548,Angels,RF,237.0,,0.537376940250397,0.5
505,Jeff McNeil,15362,Mets,2B/LF,426.0,,0.53508597612381,0.5
506,Daniel Lynch,21537,Royals,P,,68.0,0.534636259078979,0.5
507,Chris Rodriguez,22310,Angels,P,,29.2,0.533743500709534,0.5
508,Martin Perez,6902,Red Sox,P,,114.0,0.565661549568176,0.5
509,Marco Gonzales,15467,Mariners,P,,143.1,0.57238894701004,0.5
510,Yonny Hernandez,19432,Rangers,3B,166.0,,0.529986619949341,0.5
511,Ronald Torreyes,11400,Phillies,3B/SS,344.0,,0.630850672721863,0.5
512,Harold Castro,14691,Tigers,2B/SS,339.0,,0.544913947582245,0.5
513,Sam Hilliard,17954,Rockies,CF,238.0,,0.524517416954041,0.5
514,Josh Fleming,20418,Rays,P,,104.1,0.531753361225128,0.5
515,Dom Nunez,15055,Rockies,C,263.0,,0.520329296588898,0.5
516,Dillon Peters,18790,Pirates,P,,26.2,0.530115604400635,0.5
517,Robert Stephenson,13594,Rockies,P,,46.0,0.516337513923645,0.5
518,Domingo Tapia,12178,- - -,P,,33.2,0.515855084173381,0.5
519,Vladimir Gutierrez,19278,Reds,P,,114.0,0.612468838691711,0.5
520,Adam Ottavino,1247,Red Sox,P,,62.0,0.510701835155487,0.5
521,Trevor Cahill,6249,Pirates,P,,37.0,0.533136606216431,0.5
522,Matt Vierling,21558,Phillies,1B/CF,77.0,,0.500988006591797,0.5
523,Greg Allen,16623,Yankees,RF/LF,48.0,,0.500243723392487,0.5
524,Christian Vazquez,9774,Red Sox,C,498.0,,0.496885627508163,0.5
525,Jose Ruiz,14552,White Sox,P,,65.0,0.500965237617493,0.5
526,Trayce Thompson,9952,Cubs,RF,35.0,,0.489261656999588,0.5
527,Trevor May,6398,Mets,P,,62.2,0.487431615591049,0.5
528,Jorge Mateo,17273,- - -,2B/SS,209.0,,0.486567184329033,0.5
529,Jose Quijada,19200,Angels,P,,25.2,0.485580623149872,0.5
530,Jordan Luplow,16424,- - -,1B/CF,193.0,,0.546244218945503,0.5
531,Garrett Hampson,19262,Rockies,2B/CF,494.0,,0.481372535228729,0.5
532,Jake Junis,13619,Royals,P,,39.1,0.49814385175705,0.5
533,Phil Bickford,18519,- - -,P,,51.1,0.435113519430161,0.5
534,Curt Casali,12510,Giants,C,231.0,,0.472661525011063,0.5
535,James McCann,12859,Mets,C,412.0,,0.471690148115158,0.5
536,Cam Gallagher,12981,Royals,C,124.0,,0.471421182155609,0.5
537,Spencer Howard,23252,- - -,P,,49.2,0.343896798789501,0.5
538,Jake Fraley,19260,Mariners,LF,265.0,,0.468621253967285,0.5
539,Dustin Garneau,9433,Tigers,C,68.0,,0.467272102832794,0.5
540,Brent Suter,13942,Brewers,P,,73.1,0.51174408197403,0.5
541,Chris Martin,11847,Braves,P,,43.1,0.465713083744049,0.5
542,Carlos Martinez,11682,Cardinals,P,,82.1,0.550033271312714,0.5
543,Robinson Chirinos,3142,Cubs,C,112.0,,0.463510900735855,0.5
544,Drew Pomeranz,11426,Padres,P,,25.2,0.459659963846207,0.5
545,Anthony Misiewicz,18152,Mariners,P,,54.2,0.458558410406113,0.5
546,Dustin May,19716,Dodgers,P,,23.0,0.501624763011932,0.5
547,Tommy La Stella,12371,Giants,2B,242.0,,0.455832153558731,0.5
548,Taylor Walls,22458,Rays,SS,176.0,,0.454519718885422,0.5
549,Gregory Soto,19677,Tigers,P,,63.2,0.453752279281616,0.5
550,Louis Head,13259,Rays,P,,35.0,0.449289619922638,0.4
551,Ryne Stanek,15947,Astros,P,,68.1,0.449041724205017,0.4
552,Sam Coonrod,17264,Phillies,P,,42.1,0.457572251558304,0.4
553,Luke Voit,14811,Yankees,1B,241.0,,0.44609934091568,0.4
554,Will Smith A,8048,Braves,P,,68.0,0.444085508584976,0.4
555,Jose Quintana,11423,- - -,P,,63.0,0.333370000123978,0.4
556,Yu Chang,14773,Cleveland,1B,251.0,,0.437353700399399,0.4
557,Jaime Barria,18356,Angels,P,,56.2,0.46817672252655,0.4
558,Miguel Sano,12164,Twins,1B,532.0,,0.43442377448082,0.4
559,Randal Grichuk,10243,Blue Jays,RF/CF,545.0,,0.432990700006485,0.4
560,Erik Swanson,16587,Mariners,P,,35.1,0.432218670845032,0.4
561,Sam Hentges,18548,Cleveland,P,,68.2,0.442280799150467,0.4
562,Reiver Sanmartin,19754,Reds,P,,11.2,0.501609027385712,0.4
563,Luis Gil,21052,Yankees,P,,29.1,0.427425801753998,0.4
564,Miles Mikolas,9803,Cardinals,P,,44.2,0.491844713687897,0.4
565,Raimel Tapia,14350,Rockies,LF,533.0,,0.422694683074951,0.4
566,Gavin Sheets,19901,White Sox,RF/DH,179.0,,0.422199368476868,0.4
567,Dillon Tate,17796,Orioles,P,,67.2,0.418600499629974,0.4
568,JA Happ,7410,- - -,P,,152.1,0.521469622850418,0.4
569,Mitch White,19225,Dodgers,P,,46.2,0.530055582523346,0.4
570,Deolis Guerra,8410,Athletics,P,,65.2,0.412490487098694,0.4
571,Conner Greene,16455,- - -,P,,25.1,0.40225513651967,0.4
572,Rowan Wick,14646,Cubs,P,,23.0,0.400740325450897,0.4
573,Starlin Castro,4579,Nationals,3B,346.0,,0.398591548204422,0.4
574,Rafael Montero,12760,- - -,P,,49.1,0.397904917597771,0.4
575,Aaron Ashby,23550,Brewers,P,,31.2,0.366372853517532,0.4
576,Chad Pinder,15191,Athletics,RF,233.0,,0.395895957946777,0.4
577,Pablo Reyes,16357,Brewers,3B,87.0,,0.393248081207275,0.4
578,DJ Stewart,17766,Orioles,RF/LF,318.0,,0.3912233710289,0.4
579,Luis Guillorme,16451,Mets,2B/3B,156.0,,0.402122378349304,0.4
580,Tyler Gilbert,17964,Diamondbacks,P,,40.0,0.5148646235466,0.4
581,Jose Urena,11589,Tigers,P,,100.2,0.399203419685364,0.4
582,Joe Barlow,22296,Rangers,P,,29.0,0.386538088321686,0.4
583,Jarlin Garcia,18282,Giants,P,,68.2,0.407729655504227,0.4
584,David Phelps,6316,Blue Jays,P,,10.1,0.385496586561203,0.4
585,Eli Morgan,20203,Cleveland,P,,89.1,0.406545877456665,0.4
586,Yimi Garcia,12095,- - -,P,,57.2,0.383271358907223,0.4
587,Brad Wieck,16390,Cubs,P,,17.0,0.379596292972565,0.4
588,Ryan Zimmerman,4220,Nationals,1B,273.0,,0.376619219779968,0.4
589,Chris Ellis,16125,- - -,P,,29.1,0.375001944601536,0.4
590,Joel Payamps,14332,- - -,P,,50.1,0.374625876545906,0.4
591,Wilmer Difo,14320,Pirates,2B/3B,240.0,,0.46294778585434,0.4
592,Kyle Isbel,21614,Royals,RF/CF,83.0,,0.370531439781189,0.4
593,Kodi Whitley,19731,Cardinals,P,,25.1,0.369141280651093,0.4
594,Tanner Scott,17586,Orioles,P,,54.0,0.368559062480927,0.4
595,Sean Doolittle,1581,- - -,P,,49.2,0.368409238755703,0.4
596,Kervin Castro,21656,Giants,P,,13.1,0.361135065555573,0.4
597,Seth Lugo,12447,Mets,P,,46.1,0.368758410215378,0.4
598,Bruce Zimmermann,20370,Orioles,P,,64.1,0.401125133037567,0.4
599,Joe Smith,3281,- - -,P,,39.2,0.35651808232069,0.4
600,Travis Jankowski,13768,Phillies,CF,157.0,,0.354955464601517,0.4
601,Jharel Cotton,13654,Rangers,P,,30.2,0.349277794361115,0.3
602,Derek Holland,4141,Tigers,P,,49.2,0.347137957811356,0.3
603,Hector Santiago,4026,Mariners,P,,26.1,0.344037979841232,0.3
604,Justin Upton,5222,Angels,LF,362.0,,0.343384653329849,0.3
605,Nick Fortes,21538,Marlins,C/DH,34.0,,0.342617928981781,0.3
606,Kyle Funkhouser,19456,Tigers,P,,68.1,0.340728223323822,0.3
607,Keibert Ruiz,19610,- - -,C,96.0,,0.34072102420032,0.3
608,Dakota Hudson,19206,Cardinals,P,,8.2,0.252040833234787,0.3
609,Humberto Castellanos,21183,Diamondbacks,P,,45.2,0.105548426508904,0.3
610,David Fletcher,17992,Angels,2B,665.0,,0.335862517356873,0.3
611,Kevin Newman,17696,Pirates,SS,554.0,,0.333581268787384,0.3
612,Kyle Lewis,19508,Mariners,CF,147.0,,0.332578182220459,0.3
613,Jon Lester,4930,- - -,P,,141.1,0.0338749494403601,0.3
614,JT Chargois,13767,- - -,P,,53.2,0.330441281199455,0.3
615,John Gant,13684,- - -,P,,110.0,0.516534633934498,0.3
616,David Peterson,20302,Mets,P,,66.2,0.340057790279388,0.3
617,Hunter Strickland,7836,- - -,P,,58.2,0.345148399472237,0.3
618,Estevan Florial,19151,Yankees,CF,25.0,,0.320851475000381,0.3
619,Bobby Bradley,17278,Cleveland,1B,279.0,,0.318226724863052,0.3
620,Billy Hamilton,10199,White Sox,CF/LF,135.0,,0.317523866891861,0.3
621,Ernie Clement,20352,Cleveland,2B/3B,133.0,,0.312116205692291,0.3
622,Billy McKinney,15654,- - -,RF/LF,300.0,,0.310142513364553,0.3
623,Pavin Smith,19892,Diamondbacks,1B/RF,545.0,,0.307401686906815,0.3
624,Jake Burger,22275,White Sox,3B/DH,42.0,,0.307125061750412,0.3
625,Max Kranick,22175,Pirates,P,,38.2,0.462085574865341,0.3
626,Andrew Vaughn,26197,White Sox,LF,469.0,,0.304892539978027,0.3
627,Christian Walker,13419,Diamondbacks,1B,445.0,,0.302232503890991,0.3
628,JT Brubaker,17578,Pirates,P,,124.1,0.323546260595322,0.3
629,Zack Littell,15823,Giants,P,,61.2,0.271939814090729,0.3
630,Jorge Alcala,19459,Twins,P,,59.2,0.301154434680939,0.3
631,John Hicks,12547,Rangers,C,31.0,,0.300500780344009,0.3
632,Sergio Alcantara,16417,Cubs,2B/SS,255.0,,0.297676354646683,0.3
633,Trevor Richards,19309,- - -,P,,64.1,0.252576649188995,0.3
634,Jose Siri,17452,Astros,RF/CF,49.0,,0.298053205013275,0.3
635,Aaron Sanchez,11490,Giants,P,,35.1,0.404357463121414,0.3
636,Geraldo Perdomo,22799,Diamondbacks,SS,37.0,,0.292770475149155,0.3
637,Breyvic Valera,12758,Blue Jays,2B/3B,97.0,,0.291127592325211,0.3
638,Chi Chi Gonzalez,14663,Rockies,P,,101.2,0.249069929122925,0.3
639,Jake Woodford,18674,Cardinals,P,,67.2,0.341662853956223,0.3
640,Josh Sborz,18323,Rangers,P,,59.0,0.297261208295822,0.3
641,Jimmy Herget,17556,- - -,P,,18.2,0.286437131464481,0.3
642,Derek Hill,16947,Tigers,CF,150.0,,0.284872114658356,0.3
643,Jake Brentz,17783,Royals,P,,64.0,0.238376185297966,0.3
644,Danny Coulombe,13293,Twins,P,,34.1,0.293052405118942,0.3
645,Delino DeShields,11379,Reds,CF,58.0,,0.28007099032402,0.3
646,Braxton Garrett,21844,Marlins,P,,34.0,0.252082020044327,0.3
647,Sean Newcomb,16943,Braves,P,,32.1,0.299395322799683,0.3
648,Ryan Helsley,18138,Cardinals,P,,47.1,0.276043921709061,0.3
649,Brusdar Graterol,20367,Dodgers,P,,33.1,0.294969201087952,0.3
650,Luis Gonzalez,20332,White Sox,RF/LF,11.0,,0.272370487451553,0.3
651,Jason Heyward,4940,Cubs,RF,353.0,,0.272042810916901,0.3
652,Camilo Doval,21992,Giants,P,,27.0,0.270208537578583,0.3
653,Bailey Falter,20070,Phillies,P,,33.2,0.325964152812958,0.3
654,Luis Torrens,15905,Mariners,C/DH,378.0,,0.268615126609802,0.3
655,Jose Rondon,14140,Cardinals,3B/RF,90.0,,0.268448531627655,0.3
656,Victor Reyes,15487,Tigers,RF/CF,220.0,,0.264901101589203,0.3
657,Heath Hembree,11632,- - -,P,,58.0,0.272473216056824,0.3
658,Jake McCarthy,21622,Diamondbacks,RF/CF,70.0,,0.259503096342087,0.3
659,DJ Peters,19348,- - -,CF/LF,240.0,,0.25769529491663,0.3
660,Steven Brault,15291,Pirates,P,,27.2,0.208675235509872,0.3
661,Alex Kirilloff,20325,Twins,1B/RF,231.0,,0.255544900894165,0.3
662,TJ McFarland,3237,Cardinals,P,,38.2,0.252638190984726,0.3
663,Austin Adams,13801,Padres,P,,52.2,0.250122100114822,0.3
664,Blake Parker,5224,Cleveland,P,,43.2,0.249207451939583,0.2
665,Jon Berti,12037,Marlins,2B/3B,271.0,,0.249193862080574,0.2
666,Ehire Adrianza,8418,Braves,3B/RF,209.0,,0.248406112194061,0.2
667,Brandon Bielak,19866,Astros,P,,50.0,0.248379588127136,0.2
668,JP Feyereisen,16610,- - -,P,,56.0,0.245941966772079,0.2
669,Jake Faria,13699,Diamondbacks,P,,32.2,0.176051110029221,0.2
670,Eloy Jimenez,17484,White Sox,LF/DH,231.0,,0.242530420422554,0.2
671,Zach Pop,20185,Marlins,P,,54.2,0.26294994354248,0.2
672,Archie Bradley,12918,Phillies,P,,51.0,0.252217352390289,0.2
673,Kyle Garlick,18063,Twins,RF/LF,107.0,,0.237918004393578,0.2
674,Ryan Burr,17536,White Sox,P,,36.2,0.23414920270443,0.2
675,Cody Stashak,18088,Twins,P,,15.2,0.233281508088112,0.2
676,Connor Wong,19896,Red Sox,C,14.0,,0.232914805412292,0.2
677,Kris Bubic,21455,Royals,P,,130.0,0.286834329366684,0.2
678,JB Wendelken,14506,- - -,P,,43.2,0.231660282239318,0.2
679,Jeffrey Springs,17677,Rays,P,,44.2,0.230855107307434,0.2
680,Juan Minaya,10341,Twins,P,,40.0,0.229231178760529,0.2
681,Alex Vesia,25007,Dodgers,P,,40.0,0.21447366476059,0.2
682,Jose Peraza,13593,Mets,2B,154.0,,0.224504694342613,0.2
683,Tayler Saucedo,17888,Blue Jays,P,,25.2,0.222283914685249,0.2
684,Anthony Castro,19789,Blue Jays,P,,24.2,0.220875531435013,0.2
685,Patrick Corbin,9323,Nationals,P,,171.2,0.177104696631432,0.2
686,Cesar Valdez,9013,Orioles,P,,46.0,0.218817323446274,0.2
687,Luke Maile,13355,Brewers,C,34.0,,0.278134256601334,0.2
688,Tony Santillan,19926,Reds,P,,43.1,0.191311895847321,0.2
689,Brandon Drury,11615,Mets,3B,88.0,,0.302360236644745,0.2
690,Sean Reid-Foley,17034,Mets,P,,20.2,0.116000294685364,0.2
691,Sergio Romo,9817,Athletics,P,,61.2,0.208860859274864,0.2
692,Dylan Coleman,22276,Royals,P,,6.1,0.206484526395798,0.2
693,James Karinchak,20151,Cleveland,P,,55.1,0.204676076769829,0.2
694,Grayson Greiner,17062,Tigers,C,82.0,,0.199496358633041,0.2
695,Jordan Sheffield,19682,Rockies,P,,29.1,0.199322611093521,0.2
696,Dylan Moore,18042,Mariners,2B/LF,377.0,,0.198053777217865,0.2
697,Martin Maldonado,6887,Astros,C,426.0,,0.197527378797531,0.2
698,Yadiel Hernandez,19334,Nationals,LF,289.0,,0.197134673595428,0.2
699,Lucas Gilbreath,21290,Rockies,P,,42.2,0.195774495601654,0.2
700,Justin Bruihl,23779,Dodgers,P,,18.2,0.148718863725662,0.2
701,Tyler Kinley,18297,Rockies,P,,70.1,0.194441139698029,0.2
702,Shane Baz,22264,Rays,P,,13.1,0.193766623735428,0.2
703,Max Schrock,17750,Reds,LF,134.0,,0.15636533498764,0.2
704,Wandy Peralta,14295,- - -,P,,51.0,0.190881662070751,0.2
705,Sammy Long,25379,Giants,P,,40.2,0.230179935693741,0.2
706,John Curtiss,16128,- - -,P,,44.1,0.2439846098423,0.2
707,Sean Poppen,19583,- - -,P,,22.2,0.198951579630375,0.2
708,Michael Lorenzen,14843,Reds,P,,29.0,0.209594070911407,0.2
709,Richard Lovelady,19337,Royals,P,,20.2,0.186303302645683,0.2
710,Trevor Larnach,21501,Twins,RF/LF,301.0,,0.185409128665924,0.2
711,Tommy Hunter,1157,Mets,P,,8.0,0.122687697410583,0.2
712,Austin Allen,18083,Athletics,C,8.0,,0.18212765455246,0.2
713,Anthony Gose,5097,Cleveland,P,,6.2,0.179186537861824,0.2
714,Danny Mendick,18889,White Sox,2B/SS,186.0,,0.175595819950104,0.2
715,Patrick Murphy,19712,- - -,P,,28.0,0.190134897828102,0.2
716,Alex Avila,7476,Nationals,C,111.0,,0.177252873778343,0.2
717,Jose De Leon,15463,Reds,P,,18.1,0.145477771759033,0.2
718,Stephen Ridings,22358,Yankees,P,,5.0,0.176765128970146,0.2
719,Gabe Speier,17170,Royals,P,,7.2,0.176129966974258,0.2
720,Scott Effross,18384,Cubs,P,,14.2,0.186547815799713,0.2
721,Roman Quinn,13546,Phillies,CF,62.0,,0.174309194087982,0.2
722,Angel Zerpa,22717,Royals,P,,5.0,0.173846438527107,0.2
723,Ross Stripling,13273,Blue Jays,P,,101.1,0.240748226642609,0.2
724,Connor Overton,18376,- - -,P,,15.1,0.110993690788746,0.2
725,Jake Cousins,21620,Brewers,P,,30.0,0.172060295939445,0.2
726,Charlie Barnes,19865,Twins,P,,38.0,0.182044520974159,0.2
727,Luis Severino,15890,Yankees,P,,6.0,0.171100497245789,0.2
728,Alfonso Rivas,21560,Cubs,1B/RF/LF,49.0,,0.167527794837952,0.2
729,Alex Dickerson,12649,Giants,LF,312.0,,0.166852965950966,0.2
730,Michael Hermosillo,16285,Cubs,RF/CF,38.0,,0.1661177277565,0.2
731,Seth Beer,20493,Diamondbacks,1B/DH,10.0,,0.164546862244606,0.2
732,Chris Archer,6345,Rays,P,,19.1,0.164224669337273,0.2
733,Brian Goodwin,12858,White Sox,RF/CF,271.0,,0.163128316402435,0.2
734,Andrew Wantz,24933,Angels,P,,27.1,0.162762030959129,0.2
735,Ronald Bolanos,20041,Royals,P,,6.1,0.162417635321617,0.2
736,Yoshi Tsutsugo,27459,- - -,1B/RF,262.0,,0.161504341289401,0.2
737,Jake Reed,16209,- - -,P,,10.0,0.170395976863801,0.2
738,Ben Rortvedt,20287,Twins,C,98.0,,0.159512937068939,0.2
739,Conner Menez,19199,Giants,P,,14.0,0.154312238097191,0.2
740,Tyler Nevin,17893,Orioles,1B/LF,18.0,,0.153564736247063,0.2
741,Gabe Klobosits,19881,Nationals,P,,11.1,0.152119353413582,0.2
742,Alex Colome,6661,Twins,P,,65.0,0.149350017309189,0.1
743,Tyler Chatwood,4338,- - -,P,,32.0,0.158892162144184,0.1
744,Fernando Abad,4994,Orioles,P,,17.2,0.147422298789024,0.1
745,AJ Puk,19343,Athletics,P,,13.1,0.146771714091301,0.1
746,Drew Anderson,15130,Rangers,P,,22.0,0.14616784453392,0.1
747,Andrew Vasquez,19482,Dodgers,P,,1.2,0.145380333065987,0.1
748,Josh Lowe,19953,Rays,RF/LF,2.0,,0.143936395645142,0.1
749,Jhon Romero,19940,Nationals,P,,4.0,0.143234625458717,0.1
750,Alexander Reyes,15015,Cardinals,P,,72.1,0.153344690799713,0.1
751,Austin Dean,18288,Cardinals,RF/LF,38.0,,0.141281649470329,0.1
752,Nick Vincent,7555,Twins,P,,12.2,0.138361722230911,0.1
753,Mychal Givens,10430,- - -,P,,51.0,0.138164466246963,0.1
754,Kirby Snead,19179,Blue Jays,P,,7.2,0.135827392339706,0.1
755,Anthony Alford,14329,Pirates,LF,148.0,,0.133299931883812,0.1
756,Austin Davis,17117,- - -,P,,26.1,0.0868489723652601,0.1
757,Roansy Contreras,22810,Pirates,P,,3.0,0.132418602705002,0.1
758,Corey Oswalt,13677,Mets,P,,10.1,0.152552947402,0.1
759,Daniel Johnson,19643,Cleveland,RF/LF,81.0,,0.130662426352501,0.1
760,Nick Nelson,20153,Yankees,P,,14.1,0.130480870604515,0.1
761,Drew Hutchison,10732,Tigers,P,,21.1,0.14121288061142,0.1
762,Matthew Strahm,13799,Padres,P,,6.2,0.130287900567055,0.1
763,Hansel Robles,11801,- - -,P,,69.0,0.129690438508987,0.1
764,Peter Solomon,20476,Astros,P,,14.0,0.128774747252464,0.1
765,Tucker Davidson,19871,Braves,P,,20.0,0.197685420513153,0.1
766,Joakim Soria,6941,- - -,P,,37.1,0.128232955932617,0.1
767,Kyle Finnegan,15009,Nationals,P,,66.0,0.128144919872284,0.1
768,Jordan Yamamoto,17585,Mets,P,,6.2,0.0741975381970406,0.1
769,Zach Davies,13183,Cubs,P,,148.0,0.0613551400601864,0.1
770,Stephen Vogt,5000,- - -,C,238.0,,0.123534306883812,0.1
771,Jason Adam,11861,Cubs,P,,10.2,0.123022645711899,0.1
772,Jeff Hoffman,17432,Reds,P,,73.0,0.157219186425209,0.1
773,Chris Mazza,14151,Rays,P,,27.1,0.121777474880219,0.1
774,Nick Gordon,16337,Twins,CF,216.0,,0.121526978909969,0.1
775,Jake Lamb,13329,- - -,3B/LF,170.0,,0.117714285850525,0.1
776,Steven Okert,13580,Marlins,P,,36.0,0.137657523155212,0.1
777,Will Vest,19769,Mariners,P,,35.0,0.114268220961094,0.1
778,Jo Adell,20220,Angels,RF/LF,140.0,,0.112726181745529,0.1
779,Seby Zavala,18887,White Sox,C,104.0,,0.111999899148941,0.1
780,Phil Gosselin,10953,Angels,3B/LF,373.0,,0.11147590726614,0.1
781,Taylor Hearn,18325,Rangers,P,,104.1,0.1108353510499,0.1
782,Webster Rivas,14636,Padres,C,77.0,,0.109175145626068,0.1
783,Cristopher Sanchez,20778,Phillies,P,,12.2,0.108345344662666,0.1
784,Drew Smyly,11760,Braves,P,,126.2,0.375467538833618,0.1
785,Edwin Uceta,20539,Dodgers,P,,20.1,0.0888300389051437,0.1
786,John Schreiber,20020,Red Sox,P,,3.0,0.103718221187592,0.1
787,Tommy Milone,7608,Blue Jays,P,,14.0,0.103159703314304,0.1
788,Griffin Canning,19867,Angels,P,,62.2,0.125710994005203,0.1
789,Cal Raleigh,21534,Mariners,C,148.0,,0.0997406765818596,0.1
790,Oneil Cruz,21711,Pirates,SS,9.0,,0.0987958461046219,0.1
791,Rene Rivera,3648,- - -,C,78.0,,0.0987728349864483,0.1
792,Adonis Medina,19903,Phillies,P,,7.2,0.109026417136192,0.1
793,Alex De Goti,19477,Astros,2B,7.0,,0.0973006635904312,0.1
794,Ryan Sherriff,12249,Rays,P,,14.2,0.0968549102544785,0.1
795,Burch Smith,12784,Athletics,P,,43.1,0.0933494195342064,0.1
796,Deivi Garcia,20276,Yankees,P,,8.1,0.092544712126255,0.1
797,Caleb Smith,14875,Diamondbacks,P,,113.2,0.0532185360789299,0.1
798,Bryan Abreu,16609,Astros,P,,36.0,0.0902998894453049,0.1
799,Blake Taylor,16418,Astros,P,,42.2,0.0899680182337761,0.1
800,Miguel Del Pozo,18792,Tigers,P,,5.1,0.0895598828792572,0.1
801,Kohl Stewart,15502,Cubs,P,,13.2,0.0509277358651161,0.1
802,Victor Gonzalez,16408,Dodgers,P,,35.1,0.0893628299236298,0.1
803,Evan Phillips,17734,- - -,P,,13.1,0.122017659246922,0.1
804,Evan Marshall,12297,White Sox,P,,27.1,0.0892547890543938,0.1
805,Daulton Jefferies,19345,Athletics,P,,15.0,0.0869580954313278,0.1
806,Adam Conley,14457,Rays,P,,19.2,0.0864934548735619,0.1
807,Zac Lowther,20243,Orioles,P,,29.2,0.0856646373867989,0.1
808,Edward Olivares,19698,Royals,RF/LF,111.0,,0.0854043513536453,0.1
809,Alex Lange,19883,Tigers,P,,35.2,0.0846273228526115,0.1
810,Jovani Moran,20422,Twins,P,,8.0,0.0844897255301476,0.1
811,Antonio Santos,20383,Rockies,P,,11.1,0.084432065486908,0.1
812,Ian Krol,10066,Tigers,P,,18.2,0.0840340480208397,0.1
813,Aaron Hicks,5297,Yankees,CF,126.0,,0.0838015526533127,0.1
814,Duane Underwood Jr.,14677,Pirates,P,,72.2,0.12813338637352,0.1
815,Dan Vogelbach,14130,Brewers,1B,258.0,,0.083115242421627,0.1
816,Dusten Knight,16537,Orioles,P,,8.2,0.0821745991706848,0.1
817,JT Riddle,17642,Twins,SS,6.0,,0.0821709856390953,0.1
818,Andy Young,19521,Diamondbacks,2B,104.0,,0.0816679820418358,0.1
819,Jonathan Lucroy,7870,- - -,C,23.0,,0.0816345978528261,0.1
820,Stephen Strasburg,10131,Nationals,P,,21.2,-0.0250762719660997,0.1
821,Erick Castillo,12990,Cubs,C,9.0,,0.0809295773506165,0.1
822,Hunter Harvey,15507,Orioles,P,,8.2,0.0806298479437828,0.1
823,Oliver Perez,1514,Cleveland,P,,3.2,0.0805274024605751,0.1
824,Jacob Webb,19274,Braves,P,,34.1,0.102898813784122,0.1
825,Kyle McGowin,15071,Nationals,P,,30.0,0.0901748612523079,0.1
826,Ender Inciarte,4922,Braves,CF,89.0,,0.0779279321432114,0.1
827,Jordan Holloway,20631,Marlins,P,,36.0,0.111797697842121,0.1
828,Taylor Davis,12782,Pirates,C,6.0,,0.0764666870236397,0.1
829,David Robertson,8241,Rays,P,,12.0,0.0748412162065506,0.1
830,Francisco Perez,21018,Cleveland,P,,6.2,0.0743188410997391,0.1
831,Leody Taveras,18900,Rangers,CF,185.0,,0.0735584124922752,0.1
832,AJ Cole,11467,Blue Jays,P,,8.0,0.0729419067502022,0.1
833,Sean Guenther,20045,Marlins,P,,20.1,0.0728490054607391,0.1
834,Rafael Dolis,4185,Blue Jays,P,,32.0,0.0723782330751419,0.1
835,Bryan Mitchell,11479,Marlins,P,,4.0,0.0717631876468658,0.1
836,Jose Devers,20540,Marlins,2B/SS,46.0,,0.071316197514534,0.1
837,Romy Gonzalez,21562,White Sox,3B/RF,33.0,,0.0575028359889984,0.1
838,Ervin Santana,3200,Royals,P,,65.1,0.0708489567041397,0.1
839,AJ Ramos,8350,Angels,P,,4.2,0.0707055777311325,0.1
840,Ivan Castillo,15971,Padres,2B/3B,4.0,,0.0703753679990768,0.1
841,Nabil Crismatt,17732,Padres,P,,81.1,0.188813850283623,0.1
842,Aristides Aquino,15482,Reds,RF/LF,204.0,,0.0677969455718994,0.1
843,Jhonathan Diaz,20298,Angels,P,,13.0,0.0645011439919472,0.1
844,James Norwood,16440,Padres,P,,5.0,0.0639435946941376,0.1
845,Miguel Castro,15684,Mets,P,,70.1,0.0639353916049004,0.1
846,Jhoulys Chacin,2608,Rockies,P,,64.1,0.154167130589485,0.1
847,Caleb Baragar,19231,Giants,P,,23.0,0.0852596685290337,0.1
848,Yermin Mercedes,17423,White Sox,DH,262.0,,0.0852144807577133,0.1
849,Matt Andriese,12022,- - -,P,,48.1,0.0623351037502289,0.1
850,Asdrubal Cabrera,4962,- - -,3B,352.0,,0.049106627702713,0.1
851,Jakson Reetz,17837,Nationals,C,2.0,,0.0575942136347294,0.1
852,Erasmo Ramirez,10314,Tigers,P,,26.2,0.0575933903455734,0.1
853,Dylan Bundy,12917,Angels,P,,90.2,0.0278550647199154,0.1
854,Patrick Kivlehan,13910,Padres,RF,8.0,,0.0544312112033367,0.1
855,Hoy Park,18027,- - -,2B,150.0,,0.0542843118309975,0.1
856,Eduard Bazardo,20997,Red Sox,P,,3.0,0.0539567023515701,0.1
857,Robert Gsellman,13696,Mets,P,,28.2,0.0593864321708679,0.1
858,Andy Burns,12779,Dodgers,1B/2B/3B,15.0,,0.103455349802971,0.1
859,Austin Hedges,12976,Cleveland,C,312.0,,0.0519962273538113,0.1
860,Javy Guerra,17292,Padres,P,,3.2,0.0509421899914742,0.1
861,Miguel Aguilar,19246,Diamondbacks,P,,7.0,0.0506838485598564,0.1
862,Riley Adams,19864,- - -,C,120.0,,0.0487666130065918,0.0
863,Niko Goodrum,12092,Tigers,SS,325.0,,0.0480476245284081,0.0
864,Joe Biagini,13194,Cubs,P,,3.0,0.0479337684810162,0.0
865,Jay Jackson,7432,Giants,P,,21.2,0.0587356612086296,0.0
866,Harold Ramirez,14387,Cleveland,RF/LF,361.0,,0.0472937561571598,0.0
867,Ben Bowden,20198,Rockies,P,,35.2,0.0462403520941734,0.0
868,Daniel Camarena,14467,Padres,P,,9.1,-0.0885348245501518,0.0
869,Jonathan Arauz,20275,Red Sox,2B/SS,75.0,,0.0274545513093472,0.0
870,James Paxton,11828,Mariners,P,,1.1,0.0447868406772614,0.0
871,Will Harris,3192,Nationals,P,,6.0,0.0438581109046936,0.0
872,Mario Feliciano,20263,Brewers,PH/PR,1.0,,0.0435505546629429,0.0
873,Devin Smeltzer,19487,Twins,P,,4.2,0.0425500795245171,0.0
874,Didi Gregorius,6012,Phillies,SS,408.0,,0.0425414182245731,0.0
875,Blaine Hardy,6499,Brewers,P,,1.0,0.0412146560847759,0.0
876,Drew Smith,17755,Mets,P,,41.1,0.0514562241733074,0.0
877,James Hoyt,14605,Angels,P,,8.0,0.040493905544281,0.0
878,Payton Henry,22164,Marlins,C,16.0,,0.0393786430358887,0.0
879,Stephen Gonsalves,15492,Red Sox,P,,4.1,0.0383896753191948,0.0
880,Ian Kennedy,6986,- - -,P,,56.1,0.0378538370132446,0.0
881,Jordy Mercer,6547,Nationals,2B/3B,127.0,,0.037392895668745,0.0
882,Matt Peacock,20339,Diamondbacks,P,,86.1,-0.135400488972664,0.0
883,Ryan LaMarre,10700,Yankees,RF/LF,24.0,,0.0361714921891689,0.0
884,Andrew Bellatti,10657,Marlins,P,,3.1,0.0361180081963539,0.0
885,Justin Lawrence,17639,Rockies,P,,16.2,0.0355380028486252,0.0
886,Josh James,16794,Astros,P,,5.0,0.0343172438442707,0.0
887,Edgar Santana,17355,Braves,P,,42.2,0.0449025556445122,0.0
888,Joan Adon,22925,Nationals,P,,5.1,0.0551324337720871,0.0
889,Bryan Baker,19804,Blue Jays,P,,1.0,0.0314260721206665,0.0
890,Dennis Santana,17878,- - -,P,,54.2,0.0529632121324539,0.0
891,Cooper Criswell,24975,Angels,P,,1.1,0.0304944273084402,0.0
892,Nick Ramirez,12575,Padres,P,,20.1,0.0609863325953484,0.0
893,Kyle Crick,13182,Pirates,P,,24.1,0.0283449869602919,0.0
894,Josh Tomlin,9388,Braves,P,,49.1,-0.0774508565664291,0.0
895,Seranthony Dominguez,19249,Phillies,P,,1.0,0.0271239764988422,0.0
896,Tanner Anderson,18029,Pirates,P,,5.0,0.0490919910371304,0.0
897,Chaz Roe,9866,Rays,P,,0.2,0.0255859140306711,0.0
898,Austin Voth,15047,Nationals,P,,57.1,-0.0730080455541611,0.0
899,Johan Oviedo,22487,Cardinals,P,,62.1,-0.0716131925582886,0.0
900,Joey Bart,21524,Giants,C,6.0,,0.0241532567888498,0.0
901,Pedro Strop,4070,Cubs,P,,2.0,0.0240077394992113,0.0
902,DJ Johnson,12578,- - -,P,,4.1,0.0239293202757835,0.0
903,Alex McRae,16317,White Sox,P,,2.0,0.0239131525158882,0.0
904,Derek Fisher,16192,Brewers,RF/LF,8.0,,0.022347167134285,0.0
905,Sean Nolin,11341,Nationals,P,,26.2,0.0906022489070892,0.0
906,JD Hammer,19548,Phillies,P,,20.0,0.0320003889501095,0.0
907,Jason Martin,16429,Rangers,LF,154.0,,0.020326865836978,0.0
908,Andres Machado,14681,Nationals,P,,35.2,0.0201607756316662,0.0
909,Angel Rondon,22036,Cardinals,P,,2.0,0.0201483760029078,0.0
910,Grant Dayton,11203,Braves,P,,13.0,0.018601855263114,0.0
911,Lewis Thorpe,15906,Twins,P,,15.1,0.0171214230358601,0.0
912,TJ Friedl,19522,Reds,CF/LF,36.0,,0.0163734965026379,0.0
913,Luis Marte,14515,Marlins,2B/3B/SS,7.0,,0.0161416325718164,0.0
914,Andre Jackson,21298,Dodgers,P,,11.2,0.0595818683505058,0.0
915,Dillon Thomas,12719,Mariners,RF/CF/LF,9.0,,0.0152599038556218,0.0
916,Seth Martinez,21045,Astros,P,,3.0,0.014833371154964,0.0
917,Kevin Quackenbush,12360,Dodgers,P,,0.1,0.0143960071727633,0.0
918,Nick Ciuffo,16291,Orioles,C,6.0,,0.0142352813854814,0.0
919,John Andreoli,13012,Padres,RF/CF/LF,7.0,,0.0132118808105588,0.0
920,Ryan Weathers,23796,Padres,P,,94.2,-0.127039551734924,0.0
921,Jordan Hicks,19618,Cardinals,P,,10.0,0.0125073669478297,0.0
922,Monte Harrison,17216,Marlins,RF/CF,11.0,,0.0123575162142515,0.0
923,Tyler Beede,16981,Giants,P,,1.0,0.0120105864480138,0.0
924,Pete Kozma,2539,Athletics,SS,12.0,,0.0117771085351706,0.0
925,Deven Marrero,13325,Marlins,3B/SS,19.0,,0.0094453236088156,0.0
926,Reymin Guduan,13058,Athletics,P,,14.1,0.0089611103758215,0.0
927,Yefry Ramirez,15655,Dodgers,P,,2.0,0.019171392545104,0.0
928,Humberto Mejia,20739,Diamondbacks,P,,22.1,-0.0187372341752052,0.0
929,Eric Campbell,6938,Mariners,1B/3B,12.0,,0.0070636342279613,0.0
930,Pedro Baez,5420,Astros,P,,4.1,0.0070047159679234,0.0
931,Nick Allgeyer,24486,Blue Jays,P,,1.0,0.0066688656806945,0.0
932,Nick Ahmed,12147,Diamondbacks,SS,473.0,,0.0066264290362596,0.0
933,Wyatt Mills,20010,Mariners,P,,12.2,0.0057233874686062,0.0
934,Tzu-Wei Lin,14678,Twins,LF,0.0,,0.0054336092434823,0.0
935,Joey Krehbiel,13707,- - -,P,,8.1,0.0050910925492644,0.0
936,Keynan Middleton,15264,Mariners,P,,31.0,0.003596710273996,0.0
937,Kyle Dohy,20334,Phillies,P,,1.0,0.0021715564653277,0.0
938,Ali Sanchez,18551,Cardinals,C,4.0,,0.0020214288961142,0.0
939,Jack Kruger,19634,Angels,C,0.0,,0.0008596990955993,0.0
940,Jonathan Stiever,24584,White Sox,P,,0.0,0.0,0.0
941,Stephen Tarpley,15859,Mets,P,,0.0,0.0,0.0
942,Bernardo Flores Jr.,19561,Cardinals,P,,0.0,0.0,0.0
943,Rob Refsnyder,13770,Twins,CF/LF,157.0,,-0.0010471394052729,0.0
944,Tyler Ivey,20237,Astros,P,,4.2,-0.0011861735256388,0.0
945,Travis Blankenhorn,18395,- - -,2B,24.0,,-0.0019216088985558,0.0
946,Jeurys Familia,5114,Mets,P,,59.1,-0.00269555603154,0.0
947,Brandon Brennan,13527,Red Sox,P,,3.0,-0.0032871612347662,0.0
948,Michael Feliz,11903,- - -,P,,20.0,-0.0034023504704237,0.0
949,Yusmeiro Petit,4020,Athletics,P,,78.0,-0.0042049693875014,0.0
950,Carson Fulmer,18311,Reds,P,,25.2,0.0192255899310112,0.0
951,Raynel Espinal,19516,Red Sox,P,,2.0,-0.0045794751495122,0.0
952,Eric Hosmer,3516,Padres,1B,565.0,,-0.0046342830173671,0.0
953,Jon Jay,5227,Angels,LF,14.0,,-0.0052149640396237,0.0
954,Scott Blewett,16427,Royals,P,,5.0,-0.0057752840220928,0.0
955,Nick Margevicius,20395,Mariners,P,,12.0,-0.0057989549823105,0.0
956,Oliver Ortega,21025,Angels,P,,9.1,-0.0060266121290624,0.0
957,Rafael Marchan,21646,Phillies,C,56.0,,-0.0095527293160557,0.0
958,Akeem Bostick,15979,Mets,P,,1.0,-0.011944386176765,0.0
959,Kole Calhoun,11200,Diamondbacks,RF,182.0,,-0.0122710531577468,0.0
960,Corey Ray,19170,Brewers,RF,3.0,,-0.0123073868453503,0.0
961,Isaac Mattson,20385,Orioles,P,,4.1,-0.0125613017007709,0.0
962,Yacksel Rios,15007,- - -,P,,27.1,-0.0131931395735592,0.0
963,Jacob Nottingham,16448,- - -,C/1B/DH,45.0,,-0.0144794955849648,0.0
964,Mike Wright Jr.,12586,White Sox,P,,18.0,-0.0042825187556445,0.0
965,Ryan McBroom,16524,Royals,DH,9.0,,-0.0163842365145683,0.0
966,Brody Koerner,17748,Yankees,P,,3.0,-0.0164268165826797,0.0
967,Daniel Castano,19805,Marlins,P,,20.1,0.0370324514806271,0.0
968,Dauri Moreta,21101,Reds,P,,3.2,-0.0167253948748112,0.0
969,Dellin Betances,6216,Mets,P,,1.0,-0.0171100553125143,0.0
970,Nate Pearson,20160,Blue Jays,P,,15.0,-0.0183873157948256,0.0
971,Jacob Wilson,13254,- - -,2B/3B,21.0,,-0.0186175918206573,0.0
972,Darren O'Day,3321,Yankees,P,,10.2,-0.0198615007102489,0.0
973,Derek Law,13133,Twins,P,,15.0,-0.020379438996315,0.0
974,Seth Elledge,19766,Cardinals,P,,11.2,0.0009128436795435,0.0
975,Kyle Nelson,20515,Cleveland,P,,9.2,-0.0207531433552504,0.0
976,Andres Munoz,20373,Mariners,P,,0.2,-0.0210934542119503,0.0
977,Kaleb Ort,20061,Red Sox,P,,0.1,-0.0217093024402857,0.0
978,Mason Williams,11859,Mets,CF,37.0,,-0.0231436919420958,0.0
979,Otto Lopez,19608,Blue Jays,PH/PR,1.0,,-0.0232959296554327,0.0
980,Tyler Ladendorf,3211,Cubs,PH/PR,1.0,,-0.0235049035400152,0.0
981,Cody Wilson,24671,Nationals,PH/PR,1.0,,-0.0235695634037256,0.0
982,Julio Teheran,6797,Tigers,P,,5.0,-0.025644201785326,0.0
983,Demarcus Evans,21087,Rangers,P,,26.1,-0.0270516704767942,0.0
984,Nick Snyder,23493,Rangers,P,,3.2,-0.0274839624762535,0.0
985,Josh Palacios,19818,Blue Jays,RF/LF,42.0,,-0.0279080662876368,0.0
986,John Axford,9059,Brewers,P,,0.1,-0.0328001715242863,0.0
987,Jon Heasley,22224,Royals,P,,14.2,-0.0328611843287945,0.0
988,Scott Alexander,10591,Dodgers,P,,15.1,-0.0329077765345573,0.0
989,Damon Jones,23310,Phillies,P,,0.1,-0.0334280990064144,0.0
990,Shaun Anderson,19453,- - -,P,,23.1,-0.0339094214141369,0.0
991,Noah Syndergaard,11762,Mets,P,,2.0,-0.0342447385191917,0.0
992,Andrew Velazquez,14196,Yankees,SS,68.0,,-0.0343550890684128,0.0
993,Roel Ramirez,16470,Cardinals,P,,0.1,-0.0346713922917843,0.0
994,Matt Thaiss,19318,Angels,1B,8.0,,-0.0349348112940788,0.0
995,Nick Tropeano,12385,- - -,P,,8.0,-0.0247505735605955,0.0
996,Dillon Maples,14672,Cubs,P,,31.1,-0.0355380661785603,0.0
997,Dylan Lee,19996,Braves,P,,2.0,-0.035679753869772,0.0
998,Jose Marte,21761,Angels,P,,4.0,-0.0356981717050076,0.0
999,William Contreras,20503,Braves,C,185.0,,-0.0361315757036209,0.0
1000,Taylor Motter,12399,- - -,2B/3B,29.0,,-0.036160059273243,0.0
1001,Anthony Kay,20387,Blue Jays,P,,33.2,-0.0369582511484623,0.0
1002,Zac Rosscup,9419,Rockies,P,,3.0,-0.0375389754772186,0.0
1003,Jose Barrero,23378,Reds,SS/CF,56.0,,-0.0393337868154049,0.0
1004,Felix Pena,13403,Angels,P,,1.2,-0.0394267998635769,0.0
1005,Brian Miller,20047,Marlins,CF/LF,11.0,,-0.040192011743784,0.0
1006,Ryan Lavarnway,8879,Cleveland,C,30.0,,-0.040427178144455,0.0
1007,Garrett Stubbs,18067,Astros,C,38.0,,-0.0421683043241501,0.0
1008,Paul Blackburn,14739,Athletics,P,,38.1,-0.0422540381550789,0.0
1009,Joseph Odom,15535,Rays,C,2.0,,-0.0426686927676201,0.0
1010,Reyes Moronta,14966,Giants,P,,4.0,-0.0429773703217506,0.0
1011,Clarke Schmidt,19899,Yankees,P,,6.1,-0.0789112821221352,0.0
1012,Hunter Wood,15091,Rangers,P,,5.0,-0.0435009375214577,0.0
1013,Brady Lail,14707,Mariners,P,,2.0,-0.0438284426927567,0.0
1014,Colten Brewer,12997,Red Sox,P,,1.0,-0.0439795404672623,0.0
1015,Tyler Payne,21139,Cubs,C,2.0,,-0.044430710375309,0.0
1016,Lewin Diaz,18365,Marlins,1B,128.0,,-0.0445816852152348,0.0
1017,Patrick Weigel,17792,Brewers,P,,4.0,-0.0463235937058926,0.0
1018,Konner Wade,14655,Orioles,P,,12.1,-0.0466526448726654,0.0
1019,Jordan Lyles,7593,Rangers,P,,180.0,0.0168602075427771,0.0
1020,Pedro Avila,18864,Padres,P,,4.0,-0.0361961200833321,0.0
1021,Brandon Dickson,6979,Cardinals,P,,2.0,-0.0475871823728085,0.0
1022,Junior Guerra,5702,Angels,P,,65.1,-0.0260817464441061,0.0
1023,Luis Barrera,19615,Athletics,RF/LF,8.0,,-0.0478471331298351,0.0
1024,Rob Brantly,10655,Yankees,C,21.0,,-0.048125296831131,0.0
1025,David Paulino,17418,Phillies,P,,2.0,-0.0483991727232933,0.0
1026,Donovan Walton,19314,Mariners,2B,69.0,,-0.0496888570487499,0.0
1027,Taylor Williams,14899,- - -,P,,11.2,-0.0511165000498295,-0.1
1028,Jesse Biddle,11437,Braves,P,,10.2,-0.0517479367554188,-0.1
1029,Wilfredo Tovar,10416,Mets,2B,12.0,,-0.0518101714551449,-0.1
1030,Ryan Hartman,19480,Astros,P,,2.1,-0.0520315431058407,-0.1
1031,Sam Moll,14874,Athletics,P,,10.1,-0.0529222972691059,-0.1
1032,AJ Alexy,22343,Rangers,P,,23.0,-0.0538238249719143,-0.1
1033,Luis Frias,21997,Diamondbacks,P,,3.1,-0.0539380759000778,-0.1
1034,Asher Wojciechowski,10836,Yankees,P,,4.0,-0.0559451393783092,-0.1
1035,Jimmy Lambert,19541,White Sox,P,,13.0,-0.0564435347914696,-0.1
1036,Aaron Fletcher,22052,Mariners,P,,3.2,-0.0567783191800117,-0.1
1037,Thomas Hatch,19264,Blue Jays,P,,9.1,-0.0568060800433159,-0.1
1038,Luis Avilan,2882,Nationals,P,,5.0,-0.0568906180560589,-0.1
1039,Ashton Goudeau,15139,- - -,P,,34.1,-0.0521474815905094,-0.1
1040,Daniel Norris,13475,- - -,P,,57.0,-0.0349661707878113,-0.1
1041,Jorge Guzman,17505,Marlins,P,,1.2,-0.0590927414596081,-0.1
1042,Kyle Tyler,22092,Angels,P,,12.1,-0.0594231225550175,-0.1
1043,Taylor Trammell,19960,Mariners,CF/LF,178.0,,-0.0597806125879288,-0.1
1044,Adrian Sanchez,11338,Nationals,2B,38.0,,-0.0600068680942059,-0.1
1045,Ty Tice,20177,- - -,P,,8.0,-0.0602444354444742,-0.1
1046,Andrew Miller,6785,Cardinals,P,,36.0,-0.0606475695967674,-0.1
1047,Travis Lakins Sr.,18600,Orioles,P,,28.0,-0.061224639415741,-0.1
1048,Yohel Pozo,18848,Rangers,DH,77.0,,-0.0615803562104702,-0.1
1049,Jandel Gustave,14665,Brewers,P,,18.1,-0.0388102903962135,-0.1
1050,Kevin Padlo,16593,- - -,1B/3B,15.0,,-0.0619089063256979,-0.1
1051,John Brebbia,12777,Giants,P,,18.1,-0.0520638935267925,-0.1
1052,Dexter Fowler,4062,Angels,RF,21.0,,-0.0631415024399757,-0.1
1053,Mike Kickham,11618,Dodgers,P,,2.0,-0.0635972321033478,-0.1
1054,Ramon Rosso,20368,Phillies,P,,8.0,-0.0528924316167831,-0.1
1055,Colin Rea,12317,Brewers,P,,6.0,-0.0415547080338001,-0.1
1056,Sam Clay,16279,Nationals,P,,45.0,-0.0424186773598194,-0.1
1057,Brad Hand,9111,- - -,P,,64.2,-0.0656328052282333,-0.1
1058,Jake Diekman,5003,Athletics,P,,60.2,-0.0556196644902229,-0.1
1059,Braden Bishop,17806,Mariners,LF,5.0,,-0.0659642592072487,-0.1
1060,Eric Hanhold,18332,Orioles,P,,10.1,-0.066993311047554,-0.1
1061,Dan Altavilla,16507,Padres,P,,1.1,-0.0688520520925522,-0.1
1062,Taylor Jones,19533,Astros,1B/LF/DH,108.0,,-0.0695319920778275,-0.1
1063,Bryan Shaw,8110,Cleveland,P,,77.1,-0.0697419866919518,-0.1
1064,Trey Amburgey,18425,Yankees,RF,4.0,,-0.071853332221508,-0.1
1065,Hunter Owen,20034,Pirates,RF,5.0,,-0.072830505669117,-0.1
1066,Jared Hoying,10882,Blue Jays,LF,3.0,,-0.0729826986789703,-0.1
1067,Ryan Brasier,5615,Red Sox,P,,12.0,-0.0734778121113777,-0.1
1068,Cody Poteet,18769,Marlins,P,,30.2,-0.0376875214278698,-0.1
1069,Amir Garrett,14375,Reds,P,,47.2,-0.0758931115269661,-0.1
1070,Geoff Hartlieb,19558,- - -,P,,9.0,-0.0766735021024942,-0.1
1071,Sean Kazmar Jr.,7349,Braves,DH,2.0,,-0.0781912803649902,-0.1
1072,Ryne Harper,12680,Nationals,P,,35.2,-0.0567895658314228,-0.1
1073,Elvis Peguero,21652,Angels,P,,2.1,-0.0801240354776382,-0.1
1074,Michael Chavis,17321,- - -,2B,124.0,,-0.0818976908922195,-0.1
1075,Jack Lopez,13663,Red Sox,2B,16.0,,-0.0819149687886238,-0.1
1076,Stuart Fairchild,20321,Diamondbacks,CF/LF,17.0,,-0.0828397423028946,-0.1
1077,Bryse Wilson,19990,- - -,P,,74.0,0.0667793415486813,-0.1
1078,Preston Guilmet,7303,Marlins,P,,2.0,-0.0853368416428566,-0.1
1079,Ronnie Dawson,19710,Astros,DH,6.0,,-0.087461531162262,-0.1
1080,Jaylin Davis,19552,Giants,RF/LF,9.0,,-0.0886179581284523,-0.1
1081,Tyler Clippard,5640,Diamondbacks,P,,25.1,-0.0890981629490852,-0.1
1082,Humberto Arteaga,13595,Nationals,SS,4.0,,-0.0896358788013458,-0.1
1083,Keone Kela,14696,Padres,P,,10.2,-0.0896762385964394,-0.1
1084,Spenser Watkins,17489,Orioles,P,,54.2,-0.0897624641656876,-0.1
1085,Trevor Hildenberger,17002,Mets,P,,2.1,-0.0897984281182289,-0.1
1086,Jordan Zimmermann,4505,Brewers,P,,5.2,-0.0784657970070839,-0.1
1087,Josh Rogers,18510,Nationals,P,,35.2,0.0077184783294796,-0.1
1088,David Hale,9756,Phillies,P,,26.2,-0.0919693782925606,-0.1
1089,Alex Blandino,16271,Reds,1B,82.0,,-0.0100006582215428,-0.1
1090,Alexander Wells,19845,Orioles,P,,42.2,-0.0927084907889366,-0.1
1091,Kyle Lobstein,9178,Nationals,P,,1.1,-0.0930284410715103,-0.1
1092,Elieser Hernandez,16933,Marlins,P,,51.2,0.0034932815469801,-0.1
1093,Scott Hurst,20501,Cardinals,CF,5.0,,-0.0958638489246368,-0.1
1094,Chasen Shreve,10855,Pirates,P,,56.1,-0.0969477221369743,-0.1
1095,Taylor Gushue,16098,Cubs,C/1B,4.0,,-0.0977449789643288,-0.1
1096,Daniel Zamora,17811,Mariners,P,,4.1,-0.0988494604825974,-0.1
1097,Andrew Stevenson,17932,Nationals,CF/LF,213.0,,-0.0990243256092072,-0.1
1098,Yohan Ramirez,19444,Mariners,P,,27.2,-0.0992589071393013,-0.1
1099,Reiss Knehr,21541,Padres,P,,29.0,-0.0133838597685099,-0.1
1100,Daz Cameron,18353,Tigers,RF/CF,115.0,,-0.100415177643299,-0.1
1101,Eli White,19346,Rangers,CF/LF,220.0,,-0.100867345929146,-0.1
1102,Ryan Vilade,22165,Rockies,LF,7.0,,-0.101432524621487,-0.1
1103,Julian Fernandez,18341,Rockies,P,,6.2,-0.101619221270084,-0.1
1104,Enyel De Los Santos,18403,- - -,P,,35.1,-0.101685801288113,-0.1
1105,Jason Foley,19531,Tigers,P,,10.1,-0.101789593696594,-0.1
1106,Austin Pruitt,15290,- - -,P,,7.1,-0.103211402893066,-0.1
1107,Shawn Morimando,13606,Marlins,P,,10.1,-0.0714389383792877,-0.1
1108,Sam Selman,13397,- - -,P,,25.0,-0.0944506954401731,-0.1
1109,Justin Steele,17312,Cubs,P,,57.0,-0.10366003960371,-0.1
1110,Pablo Sandoval,5409,Braves,DH,86.0,,-0.106738723814487,-0.1
1111,Brad Brach,6627,Reds,P,,30.0,-0.109385453164577,-0.1
1112,Ralph Garza,17682,- - -,P,,30.1,-0.109445743262768,-0.1
1113,Kutter Crawford,20531,Red Sox,P,,2.0,-0.10959829390049,-0.1
1114,Brian O'Grady,16729,Padres,RF,61.0,,-0.110058009624481,-0.1
1115,Miguel Diaz,18815,Padres,P,,42.0,-0.0782182663679123,-0.1
1116,Luke Williams,19931,Phillies,CF,108.0,,-0.111389629542828,-0.1
1117,Ryan Meisinger,18105,Cubs,P,,7.1,-0.112164825201035,-0.1
1118,Cody Reed,15232,Rays,P,,9.2,-0.112512096762657,-0.1
1119,Ian Gibaut,17871,Twins,P,,6.2,-0.113336302340031,-0.1
1120,Luke Farrell,15101,Twins,P,,24.2,-0.114490911364555,-0.1
1121,Thomas Eshelman,18361,Orioles,P,,27.2,-0.103611133992672,-0.1
1122,Aaron Northcraft,10218,Padres,P,,8.0,-0.115159466862679,-0.1
1123,Vinny Nittoli,16754,Mariners,P,,1.0,-0.115388989448547,-0.1
1124,Reid Detmers,27468,Angels,P,,20.2,-0.151273056864738,-0.1
1125,Ben Rowen,10983,Angels,P,,11.1,-0.116353794932365,-0.1
1126,Jay Flaa,18140,- - -,P,,2.2,-0.116732739028521,-0.1
1127,Michael Rucker,19454,Cubs,P,,28.1,-0.105844356119633,-0.1
1128,Junior Fernandez,18496,Cardinals,P,,20.2,-0.106824435293674,-0.1
1129,Abraham Almonte,5486,Braves,LF,175.0,,-0.117962263524532,-0.1
1130,Phillips Valdez,15605,Red Sox,P,,40.0,-0.118225991725922,-0.1
1131,Pedro Severino,14523,Orioles,C,419.0,,-0.118317008018494,-0.1
1132,Janson Junk,23301,Angels,P,,16.1,-0.118471406400204,-0.1
1133,Wade LeBlanc,5221,- - -,P,,49.0,0.0187044218182564,-0.1
1134,Manny Barreda,10148,Orioles,P,,2.2,-0.121284946799278,-0.1
1135,Renato Nunez,14503,Tigers,1B/DH,55.0,,-0.121358148753643,-0.1
1136,Kyle Cody,19686,Rangers,P,,11.1,-0.121851876378059,-0.1
1137,Austin Brice,17237,Red Sox,P,,13.2,-0.121978767216206,-0.1
1138,Nick Martini,12005,Cubs,RF/LF,45.0,,-0.122171550989151,-0.1
1139,Connor Seabold,19695,Red Sox,P,,3.0,-0.122624166309834,-0.1
1140,Spencer Strider,27498,Braves,P,,2.1,-0.0995860770344734,-0.1
1141,Thomas Szapucki,21065,Mets,P,,3.2,-0.114182196557522,-0.1
1142,Domingo Acevedo,17092,Athletics,P,,11.0,-0.126679465174675,-0.1
1143,Rodolfo Castro,21987,Pirates,2B,93.0,,-0.126681819558144,-0.1
1144,Jimmie Sherfy,15118,- - -,P,,15.0,-0.116770341992378,-0.1
1145,Robert Dugger,19191,Mariners,P,,25.2,-0.128712877631187,-0.1
1146,Shea Spitzbarth,18475,Pirates,P,,5.0,-0.129713505506516,-0.1
1147,Carlos Carrasco,6632,Mets,P,,53.2,0.0676137134432793,-0.1
1148,Ryan Dorow,23559,Rangers,3B,7.0,,-0.132342398166656,-0.1
1149,Ljay Newsome,19942,Mariners,P,,14.2,-0.132947072386742,-0.1
1150,Stefan Crichton,16058,Diamondbacks,P,,23.1,-0.132965624332428,-0.1
1151,Anthony Swarzak,7466,- - -,P,,12.1,-0.133336187340319,-0.1
1152,Scott Heineman,14453,Reds,CF,34.0,,-0.133574619889259,-0.1
1153,Cavan Biggio,19252,Blue Jays,3B,294.0,,-0.133607119321823,-0.1
1154,Jace Fry,16159,White Sox,P,,6.2,-0.134211331605911,-0.1
1155,Packy Naughton,23292,Angels,P,,22.2,-0.12346239387989,-0.1
1156,Drew Carlton,19868,Tigers,P,,3.2,-0.134330168366432,-0.1
1157,Stephen Nogosek,19545,Mets,P,,3.0,-0.123987086117268,-0.1
1158,Cole Tucker,17326,Pirates,SS/RF,131.0,,-0.13518151640892,-0.1
1159,Nick Senzel,19293,Reds,CF,124.0,,-0.135283261537552,-0.1
1160,Patrick Mazeika,18142,Mets,C,87.0,,-0.136589676141739,-0.1
1161,Kent Emanuel,15849,Astros,P,,17.2,-0.136834874749184,-0.1
1162,Mauricio Dubon,16530,Giants,2B/SS/CF,187.0,,-0.138715967535973,-0.1
1163,Tyler Webb,14974,Cardinals,P,,16.1,-0.129286989569664,-0.1
1164,RJ Alaniz,10819,Reds,P,,2.2,-0.129139021039009,-0.1
1165,Sam Howard,16265,Pirates,P,,45.0,-0.141102731227875,-0.1
1166,Matt Foster,19647,White Sox,P,,39.0,-0.141753226518631,-0.1
1167,Peter Lambert,17969,Rockies,P,,5.2,-0.118368655443192,-0.1
1168,Rony Garcia,20430,Tigers,P,,3.2,-0.134523525834084,-0.1
1169,Yoan Lopez,17181,Diamondbacks,P,,12.1,-0.146854028105736,-0.1
1170,Emmanuel Rivera,19890,Royals,3B,98.0,,-0.147335946559906,-0.1
1171,Josiah Gray,24580,- - -,P,,70.2,-0.0106977224349976,-0.1
1172,Enoli Paredes,20447,Astros,P,,8.2,-0.147648930549622,-0.1
1173,Jose Rojas,19331,Angels,RF,184.0,,-0.148366317152977,-0.1
1174,Daniel Robertson,14145,Brewers,3B,90.0,,-0.155672624707222,-0.1
1175,Troy Stokes Jr.,17478,Pirates,RF,20.0,,-0.149766400456429,-0.1
1176,Hunter Dozier,15117,Royals,3B/RF,543.0,,-0.152541622519493,-0.2
1177,Ryan Castellani,16377,Rockies,P,,3.1,-0.140568614006042,-0.2
1178,Anderson Tejeda,19909,Rangers,3B,17.0,,-0.155069813132286,-0.2
1179,Anthony Banda,14706,- - -,P,,33.2,-0.146442331373692,-0.2
1180,Brent Rooker,19627,Twins,LF,213.0,,-0.157881453633308,-0.2
1181,Alberto Baldonado,11812,Nationals,P,,10.2,-0.157922625541687,-0.2
1182,Kyle Zimmer,14169,Royals,P,,54.0,-0.159046277403831,-0.2
1183,Mason Thompson,21850,- - -,P,,24.2,-0.161513920873404,-0.2
1184,Zack Burdi,19159,- - -,P,,10.0,-0.162376558408141,-0.2
1185,Garrett Cleavinger,17897,Dodgers,P,,18.0,-0.284342616796494,-0.2
1186,Joe Jimenez,15761,Tigers,P,,45.1,-0.162691503763199,-0.2
1187,Jesus Luzardo,19959,- - -,P,,95.1,-0.190713956952095,-0.2
1188,Mike Brosseau,19683,Rays,2B/3B,169.0,,-0.164315402507782,-0.2
1189,Jake Newberry,15136,Royals,P,,4.1,-0.16452930867672,-0.2
1190,Jorge Soler,14221,- - -,RF/DH,602.0,,-0.165242910385132,-0.2
1191,Miguel Sanchez,20074,Brewers,P,,26.0,-0.154896125197411,-0.2
1192,Tim Lopes,14137,Brewers,2B,11.0,,-0.16653548181057,-0.2
1193,Marcos Diplan,17583,Orioles,P,,30.0,-0.167447224259377,-0.2
1194,Lewis Brinson,14352,Marlins,CF/LF,290.0,,-0.168762117624283,-0.2
1195,Kevin Smith,20242,Blue Jays,3B,36.0,,-0.170112013816833,-0.2
1196,Keury Mella,15964,Diamondbacks,P,,1.2,-0.171665370464325,-0.2
1197,Chadwick Tromp,16953,Giants,C,18.0,,-0.172217309474945,-0.2
1198,Jake Latz,21306,Rangers,P,,4.2,-0.172257855534554,-0.2
1199,Jake Hager,12198,- - -,2B,30.0,,-0.173888154327869,-0.2
1200,Neftali Feliz,18,- - -,P,,4.0,-0.174537874758244,-0.2
1201,Adrian Morejon,20039,Padres,P,,4.2,-0.163789972662926,-0.2
1202,Mickey Jannis,11071,Orioles,P,,3.1,-0.17511411011219,-0.2
1203,Jacob Robson,19528,Tigers,CF/LF,7.0,,-0.176587641239166,-0.2
1204,Paul Campbell,22248,Marlins,P,,26.2,-0.123248815536499,-0.2
1205,Magneuris Sierra,17023,Marlins,CF,225.0,,-0.177347347140312,-0.2
1206,Alex Claudio,12890,Angels,P,,32.2,-0.177414044737816,-0.2
1207,Mike Baumann,20206,Orioles,P,,10.0,-0.178320959210396,-0.2
1208,Chris Gittens,18482,Yankees,1B,44.0,,-0.180232644081116,-0.2
1209,Jeff Mathis,3448,Braves,C,9.0,,-0.18048831820488,-0.2
1210,Nivaldo Rodriguez,22449,Astros,P,,7.1,-0.183348193764687,-0.2
1211,Tony Wolters,11470,Cubs,C,30.0,,-0.184007093310356,-0.2
1212,Zach Reks,19667,Dodgers,RF/LF,10.0,,-0.184592485427856,-0.2
1213,Justin Topa,15145,Brewers,P,,3.1,-0.174378290772438,-0.2
1214,Tanner Roark,8753,Blue Jays,P,,7.0,-0.1858119815588,-0.2
1215,Nick Williams,14330,White Sox,LF/DH,13.0,,-0.185873627662659,-0.2
1216,Greg Holland,7196,Royals,P,,55.2,-0.186869367957115,-0.2
1217,Alejo Lopez,21127,Reds,2B/3B,23.0,,-0.187869682908058,-0.2
1218,Albert Pujols,1177,- - -,1B,296.0,,-0.189089208841324,-0.2
1219,Mike Ford,15585,Yankees,1B,72.0,,-0.189614072442055,-0.2
1220,Tommy Nance,19178,Cubs,P,,28.2,-0.167000234127045,-0.2
1221,Mike Tauchman,15274,- - -,LF,191.0,,-0.196137519087642,-0.2
1222,Riley Smith,19826,Diamondbacks,P,,67.1,0.0030579213052988,-0.2
1223,Kyle Wright,19665,Braves,P,,6.1,-0.264755457639694,-0.2
1224,Alec Bettinger,20312,Brewers,P,,10.0,-0.185364723205566,-0.2
1225,Jake Petricka,10534,Angels,P,,6.0,-0.196900874376297,-0.2
1226,Brad Peacock,5401,Red Sox,P,,5.1,-0.196901232004166,-0.2
1227,Danny Santana,10322,Red Sox,1B/CF,127.0,,-0.197091311216354,-0.2
1228,Luis Garcia N,20391,Nationals,2B,247.0,,-0.198434293270111,-0.2
1229,Ronald Guzman,14388,Rangers,1B/LF,17.0,,-0.198572844266891,-0.2
1230,Adam Haseley,19878,Phillies,CF,21.0,,-0.198654353618622,-0.2
1231,Scott Kazmir,4897,Giants,P,,11.1,-0.156293123960495,-0.2
1232,Yairo Munoz,16313,Red Sox,2B/LF,11.0,,-0.200471103191376,-0.2
1233,Johneshwy Fargas,16446,- - -,CF,54.0,,-0.201393640134484,-0.2
1234,Cody Ponce,17920,Pirates,P,,38.1,-0.125404417514801,-0.2
1235,Justin Garza,19784,Cleveland,P,,28.2,-0.203465014696121,-0.2
1236,Jake Marisnick,11339,- - -,CF/LF,198.0,,-0.203676134347916,-0.2
1237,Chris Devenski,12763,Diamondbacks,P,,7.1,-0.20499961078167,-0.2
1238,Darwinzon Hernandez,19848,Red Sox,P,,40.0,-0.205121457576752,-0.2
1239,Mitch Moreland,3086,Athletics,DH,252.0,,-0.223400011658669,-0.2
1240,Travis Shaw,11982,- - -,1B/3B,250.0,,-0.206134375184774,-0.2
1241,Aramis Garcia,16925,Athletics,C,94.0,,-0.206870973110199,-0.2
1242,Jorge Bonifacio,12174,Phillies,CF/LF,12.0,,-0.207879528403282,-0.2
1243,Nick Anderson,18337,Rays,P,,6.0,-0.208646699786186,-0.2
1244,Travis Bergen,18581,Blue Jays,P,,10.2,-0.209378004074097,-0.2
1245,Jarrod Dyson,4866,- - -,RF/CF,149.0,,-0.209743335843086,-0.2
1246,Tim Hill,16814,Padres,P,,59.2,-0.210239499807358,-0.2
1247,Rowdy Tellez,15679,- - -,1B,325.0,,-0.210572838783264,-0.2
1248,Taylor Widener,19266,Diamondbacks,P,,70.1,-0.141866356134415,-0.2
1249,Hoby Milner,13346,Brewers,P,,21.2,-0.247354343533516,-0.2
1250,Anthony Bemboom,13854,Angels,C,28.0,,-0.156731054186821,-0.2
1251,Alec Bohm,21618,Phillies,3B,417.0,,-0.216409608721733,-0.2
1252,Yennsy Diaz,20218,Mets,P,,25.0,-0.20661535859108,-0.2
1253,Keegan Thompson,19795,Cubs,P,,53.1,-0.223038077354431,-0.2
1254,Brent Honeywell,16466,Rays,P,,4.1,-0.221312075853348,-0.2
1255,Miguel Andujar,15878,Yankees,LF,162.0,,-0.221517309546471,-0.2
1256,Justin Wilson,4301,- - -,P,,34.0,-0.222599804401398,-0.2
1257,Adam Kolarek,10843,Athletics,P,,9.0,-0.223998725414276,-0.2
1258,Ross Detwiler,2859,- - -,P,,52.1,-0.264545419253409,-0.2
1259,Wyatt Mathisen,14555,Diamondbacks,1B,51.0,,-0.233468145132065,-0.2
1260,Hernan Perez,5751,Nationals,2B,21.0,,-0.276034444570541,-0.2
1261,Jordan Weems,13190,- - -,P,,5.2,-0.227483011782169,-0.2
1262,Josh Reddick,3892,Diamondbacks,RF,158.0,,-0.152915462851524,-0.2
1263,Zack Britton,3240,Yankees,P,,18.1,-0.2288448959589,-0.2
1264,Angel Perdomo,17759,Brewers,P,,17.0,-0.229382887482643,-0.2
1265,Randy Dobnak,23798,Twins,P,,50.2,-0.231382489204407,-0.2
1266,Trent Giambrone,19250,Cubs,2B,13.0,,-0.23220120370388,-0.2
1267,Carl Edwards Jr.,13607,- - -,P,,5.2,-0.234169125556946,-0.2
1268,Matt Bush,1246,Rangers,P,,4.0,-0.235888361930847,-0.2
1269,Rex Brothers,9794,Cubs,P,,53.0,-0.213378325104713,-0.2
1270,Eddy Alvarez,16959,Marlins,3B,74.0,,-0.23687881231308,-0.2
1271,Justus Sheffield,17285,Mariners,P,,80.1,-0.2894267141819,-0.2
1272,Seth Frankoff,11346,Diamondbacks,P,,14.2,-0.249340668320656,-0.2
1273,Riley O'Brien,20348,Reds,P,,1.1,-0.238477542996407,-0.2
1274,Alan Trejo,20056,Rockies,2B/SS,50.0,,-0.240757688879967,-0.2
1275,Hans Crouse,22192,Phillies,P,,7.0,-0.232282251119614,-0.2
1276,Jeremy Beasley,20205,Blue Jays,P,,9.1,-0.244569346308708,-0.2
1277,Luis Madero,20399,Marlins,P,,12.0,-0.235010355710983,-0.2
1278,Sebastian Rivero,21735,Royals,C,44.0,,-0.246330663561821,-0.2
1279,Colin Moran,16909,Pirates,1B,359.0,,-0.24739021062851,-0.2
1280,Trevor Megill,17722,Cubs,P,,23.2,-0.248090341687202,-0.2
1281,Steven Souza Jr.,5667,Dodgers,RF/LF,36.0,,-0.249019369482994,-0.2
1282,Nick Heath,19577,Diamondbacks,CF,39.0,,-0.250389218330383,-0.3
1283,Jose Alvarado,17780,Phillies,P,,55.2,-0.251209229230881,-0.3
1284,Manuel Rodriguez,20794,Cubs,P,,17.2,-0.239903703331947,-0.3
1285,Dustin Fowler,17098,Pirates,CF,46.0,,-0.253711342811584,-0.3
1286,Mickey Moniak,19956,Phillies,CF/LF,37.0,,-0.254344969987869,-0.3
1287,Roberto Perez,2900,Cleveland,C,161.0,,-0.255444586277008,-0.3
1288,JB Bukauskas,20491,Diamondbacks,P,,17.1,-0.259421706199646,-0.3
1289,Darien Nunez,21197,Dodgers,P,,7.2,-0.261137068271637,-0.3
1290,Max Moroff,14556,Cardinals,2B,16.0,,-0.262054771184921,-0.3
1291,Ryan Feltner,21446,Rockies,P,,6.1,-0.249368727207184,-0.3
1292,Khalil Lee,19952,Mets,RF,18.0,,-0.264371991157532,-0.3
1293,Hirokazu Sawamura,27515,Red Sox,P,,53.0,-0.266104102134705,-0.3
1294,Kyle Ryan,11753,Cubs,P,,13.1,-0.243582412600517,-0.3
1295,Chad Kuhl,14975,Pirates,P,,80.1,-0.14197763800621,-0.3
1296,Jackson Kowar,21549,Royals,P,,30.1,-0.267716944217682,-0.3
1297,Ryan Borucki,16350,Blue Jays,P,,23.2,-0.269345670938492,-0.3
1298,Touki Toussaint,16929,Braves,P,,50.0,-0.182976126670837,-0.3
1299,Brock Holt,9345,Rangers,3B,260.0,,-0.277247071266174,-0.3
1300,Brandon Waddell,18347,- - -,P,,9.1,-0.26047576405108,-0.3
1301,Vince Velasquez,11189,- - -,P,,94.1,-0.276744044618681,-0.3
1302,Marcell Ozuna,10324,Braves,LF,208.0,,-0.273879170417786,-0.3
1303,Carlos Santana,2396,Royals,1B,659.0,,-0.274748235940933,-0.3
1304,Wade Davis,7441,Royals,P,,42.2,-0.276411473751068,-0.3
1305,Mark Payton,16042,Reds,RF,24.0,,-0.27783527970314,-0.3
1306,Henry Ramos,11481,Diamondbacks,RF/LF,55.0,,-0.280051589012146,-0.3
1307,Jose Godoy,15808,Mariners,C,40.0,,-0.280626624822617,-0.3
1308,Juan Lagares,5384,Angels,RF/CF,327.0,,-0.283680498600006,-0.3
1309,Zack Godley,14862,Brewers,P,,3.1,-0.276283383369446,-0.3
1310,Nick Neidert,18699,Marlins,P,,35.2,-0.217717975378036,-0.3
1311,Brandon Workman,11428,- - -,P,,28.0,-0.293033063411713,-0.3
1312,Mike Fiers,7754,Athletics,P,,9.1,-0.294155359268188,-0.3
1313,Kyle Barraclough,13713,Twins,P,,13.0,-0.295443177223206,-0.3
1314,Jefry Rodriguez,17018,Nationals,P,,24.1,-0.273802608251572,-0.3
1315,Cam Bedrosian,13360,- - -,P,,25.0,-0.298180337995291,-0.3
1316,Adam Eaton,11205,- - -,RF,288.0,,-0.306896656751633,-0.3
1317,Mike Freeman,11241,Reds,1B/SS,65.0,,-0.312605977058411,-0.3
1318,Chad Wallach,17161,Marlins,C,66.0,,-0.303122878074646,-0.3
1319,Joshua Fuentes,16885,Rockies,1B/3B,284.0,,-0.31406569480896,-0.3
1320,Luis Oviedo,21728,Pirates,P,,29.2,-0.307543009519577,-0.3
1321,Jose Lobaton,4243,Cubs,C,13.0,,-0.307929664850235,-0.3
1322,Ryan Weber,10160,- - -,P,,9.2,-0.310344197787344,-0.3
1323,Brandon Kintzler,9939,Phillies,P,,29.2,-0.310351222753525,-0.3
1324,Julian Merryweather,16703,Blue Jays,P,,13.0,-0.311608135700226,-0.3
1325,Kolby Allard,18694,Rangers,P,,124.2,-0.291076719760895,-0.3
1326,Robert Stock,6576,- - -,P,,9.0,-0.270294070243835,-0.3
1327,Adam Morgan,12580,Cubs,P,,25.1,-0.314487785100937,-0.3
1328,Jacob Barnes,12323,- - -,P,,28.2,-0.314867049455643,-0.3
1329,Colton Welker,19961,Rockies,1B/3B,40.0,,-0.315186202526093,-0.3
1330,Nick Wittgren,15594,Cleveland,P,,62.1,-0.316477358341217,-0.3
1331,Isaac Paredes,20036,Tigers,2B/3B,85.0,,-0.31745707988739,-0.3
1332,Shawn Armstrong,12857,- - -,P,,36.0,-0.317756034433842,-0.3
1333,Tyler Zuber,20379,Royals,P,,27.1,-0.308314502239227,-0.3
1334,Javy Guerra,7407,Nationals,P,,6.0,-0.308169275522232,-0.3
1335,Bryan Holaday,11287,Diamondbacks,C,34.0,,-0.234594330191612,-0.3
1336,Darren McCaughan,20038,Mariners,P,,9.0,-0.301735043525696,-0.3
1337,Johan Camargo,14950,Braves,1B/2B/3B,18.0,,-0.323496729135513,-0.3
1338,Cionel Perez,19614,Reds,P,,24.0,-0.300779700279236,-0.3
1339,Chase De Jong,15036,Pirates,P,,43.2,-0.28675651550293,-0.3
1340,Mauricio Llovera,20080,Phillies,P,,6.2,-0.325564503669739,-0.3
1341,Dean Kremer,19350,Orioles,P,,53.2,-0.32637432217598,-0.3
1342,Jake Cave,14477,Twins,CF/LF,178.0,,-0.327314645051956,-0.3
1343,Ryan McKenna,19928,Orioles,LF,197.0,,-0.328324049711227,-0.3
1344,Adrian Sampson,13339,Cubs,P,,35.1,-0.204206481575966,-0.3
1345,Nick Mears,25376,Pirates,P,,23.1,-0.318812221288681,-0.3
1346,Josh Lindblom,7882,Brewers,P,,16.2,-0.319303512573242,-0.3
1347,Maikel Franco,12179,Orioles,3B,403.0,,-0.333823651075363,-0.3
1348,Jay Bruce,9892,Yankees,1B,39.0,,-0.334087759256363,-0.3
1349,Andre Scrubb,20329,Astros,P,,19.2,-0.334425270557404,-0.3
1350,Jesus Tinoco,16300,Rockies,P,,1.1,-0.339440405368805,-0.3
1351,Matt Carpenter,8090,Cardinals,2B,249.0,,-0.332263439893723,-0.3
1352,Jose Marmolejos,15767,Mariners,1B/LF,122.0,,-0.341771930456161,-0.3
1353,Tanner Rainey,17610,Nationals,P,,31.2,-0.341852307319641,-0.3
1354,Andrew Romine,1159,Cubs,SS,64.0,,-0.291786223649979,-0.3
1355,Scott Kingery,17975,Phillies,2B/RF,19.0,,-0.342552810907364,-0.3
1356,Tucupita Marcano,22871,Padres,2B,50.0,,-0.342934727668762,-0.3
1357,PJ Higgins,18433,Cubs,C,25.0,,-0.34564071893692,-0.3
1358,Orlando Arcia,13185,- - -,LF,89.0,,-0.349474847316742,-0.3
1359,Sal Romano,13690,- - -,P,,25.0,-0.32593872398138,-0.3
1360,Jesse Hahn,13287,Royals,P,,3.1,-0.35127666592598,-0.4
1361,Aaron Slegers,15231,Angels,P,,31.0,-0.351968318223953,-0.4
1362,Will Craig,19267,Pirates,1B,65.0,,-0.353347599506378,-0.4
1363,Matt Adams,9393,Rockies,1B,40.0,,-0.355013281106949,-0.4
1364,Jared Oliva,19968,Pirates,RF/LF,43.0,,-0.355373114347458,-0.4
1365,Khris Davis,9112,- - -,DH,114.0,,-0.355396494269371,-0.4
1366,Cameron Maybin,5223,Mets,CF/LF,33.0,,-0.356669455766678,-0.4
1367,Trent Thornton,17948,Blue Jays,P,,49.0,-0.358365386724472,-0.4
1368,Edward Cabrera,21690,Marlins,P,,26.1,-0.386707127094269,-0.4
1369,Jason Vosler,16686,Giants,3B,82.0,,-0.36410653591156,-0.4
1370,Greg Deichmann,19872,Cubs,RF,31.0,,-0.364198952913284,-0.4
1371,Mac Sceroler,22218,Orioles,P,,7.2,-0.364911824464798,-0.4
1372,Willi Castro,17338,Tigers,2B,450.0,,-0.367933720350266,-0.4
1373,Jon Duplantier,19546,Diamondbacks,P,,13.0,-0.396938443183899,-0.4
1374,Josh Osich,11528,Reds,P,,14.1,-0.372203052043915,-0.4
1375,Todd Frazier,785,Pirates,1B/3B/DH,40.0,,-0.376727521419525,-0.4
1376,Austin Romine,5491,Cubs,C,62.0,,-0.381036698818207,-0.4
1377,Wilson Ramos,1433,- - -,C,163.0,,-0.383884958922863,-0.4
1378,Kurt Suzuki,8259,Angels,C,247.0,,-0.384790748357773,-0.4
1379,Matt Moore,1890,Phillies,P,,73.0,-0.158409774303436,-0.4
1380,Eric Yardley,15538,Brewers,P,,18.2,-0.388235926628113,-0.4
1381,Jonathan Davis,15104,- - -,CF,103.0,,-0.389587514102459,-0.4
1382,Shane Greene,10756,- - -,P,,23.2,-0.389703027904034,-0.4
1383,Anthony Bass,7982,Marlins,P,,61.1,-0.390161961317062,-0.4
1384,Justin Miller,8580,- - -,P,,19.0,-0.400636315345764,-0.4
1385,Gerardo Parra,8553,Nationals,CF/LF,107.0,,-0.402649849653244,-0.4
1386,Shelby Miller,10197,- - -,P,,12.2,-0.392887316644192,-0.4
1387,Kevin Ginkel,19876,Diamondbacks,P,,28.1,-0.405420988798141,-0.4
1388,Rio Ruiz,14103,- - -,2B/3B,141.0,,-0.405761376023293,-0.4
1389,Hyeon-jong Yang,27513,Rangers,P,,35.1,-0.405763357877731,-0.4
1390,Luke Raley,19354,Dodgers,RF/LF,72.0,,-0.406531363725662,-0.4
1391,Brett de Geus,23592,- - -,P,,50.0,-0.409572288393974,-0.4
1392,John Nogowski,16852,- - -,1B,143.0,,-0.436884574592113,-0.4
1393,Wil Crowe,19800,Pirates,P,,116.2,-0.286433070898056,-0.4
1394,Emilio Pagan,14771,Padres,P,,63.1,-0.399186849594116,-0.4
1395,Vimael Machin,17684,Athletics,SS,37.0,,-0.422376692295074,-0.4
1396,Sam Haggerty,18054,Mariners,LF,94.0,,-0.423421025276184,-0.4
1397,Jake Jewell,16958,Cubs,P,,10.0,-0.415716469287872,-0.4
1398,Ryan Hendrix,19535,Reds,P,,31.2,-0.415505945682526,-0.4
1399,Scott Schebler,12225,Angels,RF/CF/LF,34.0,,-0.428423166275024,-0.4
1400,Mike Moustakas,4892,Reds,3B,206.0,,-0.429741591215134,-0.4
1401,Logan Allen,18555,Cleveland,P,,50.1,-0.431839227676392,-0.4
1402,JoJo Romero,19574,Phillies,P,,9.0,-0.443596363067627,-0.4
1403,Chase Anderson,6895,Phillies,P,,48.0,-0.28679758310318,-0.4
1404,Luis Rengifo,19858,Angels,SS,190.0,,-0.448706299066544,-0.4
1405,Wander Suero,15855,Nationals,P,,42.2,-0.437450259923935,-0.4
1406,Drew Ellis,19873,Diamondbacks,3B,83.0,,-0.452263325452805,-0.5
1407,Alex Jackson,17276,- - -,C,151.0,,-0.45293764770031,-0.5
1408,Brandyn Sittinger,19192,Diamondbacks,P,,4.2,-0.458762317895889,-0.5
1409,Richie Martin,17736,Orioles,SS,105.0,,-0.46235466003418,-0.5
1410,Edgar Garcia,19276,- - -,P,,14.2,-0.46528859436512,-0.5
1411,Cory Abbott,20277,Cubs,P,,17.1,-0.50395405292511,-0.5
1412,Vidal Brujan,20536,Rays,2B,26.0,,-0.472921550273895,-0.5
1413,Eric Sogard,7927,Cubs,2B,180.0,,-0.359803557395935,-0.5
1414,Beau Burrows,18873,- - -,P,,11.0,-0.47844463493675,-0.5
1415,Andrelton Simmons,10847,Twins,SS,451.0,,-0.478561788797379,-0.5
1416,Trevor Stephan,19932,Cleveland,P,,63.1,-0.48053640127182,-0.5
1417,Corbin Martin,19884,Diamondbacks,P,,16.0,-0.508092224597931,-0.5
1418,Ryan Buchter,9456,Diamondbacks,P,,16.1,-0.481517970561981,-0.5
1419,Zach McKinstry,19392,Dodgers,2B/RF,172.0,,-0.481995314359665,-0.5
1420,Miguel Yajure,21111,Pirates,P,,15.0,-0.452798336744308,-0.5
1421,Kean Wong,15994,Angels,2B/3B,66.0,,-0.491172164678574,-0.5
1422,Kevan Smith,12284,- - -,C,106.0,,-0.494486878626049,-0.5
1423,Dan Winkler,12237,Cubs,P,,39.2,-0.485798001289368,-0.5
1424,Daniel Ponce de Leon,16110,Cardinals,P,,33.1,-0.452230870723724,-0.5
1425,Skye Bolt,17723,- - -,CF,60.0,,-0.508814666420221,-0.5
1426,Phillip Evans,12950,Pirates,1B,247.0,,-0.515679955482483,-0.5
1427,Dominic Smith,15653,Mets,LF,493.0,,-0.509171426296234,-0.5
1428,Buck Farmer,14814,Tigers,P,,35.1,-0.510491967201233,-0.5
1429,Shogo Akiyama,27461,Reds,CF,183.0,,-0.51483678817749,-0.5
1430,Shed Long Jr.,16542,Mariners,2B/LF,121.0,,-0.518216669559479,-0.5
1431,Yency Almonte,15068,Rockies,P,,47.2,-0.486522108316422,-0.5
1432,Wes Benjamin,19243,Rangers,P,,22.2,-0.525358140468597,-0.5
1433,JC Mejia,20617,Cleveland,P,,52.1,-0.519244015216827,-0.5
1434,Victor Robles,18363,Nationals,CF,369.0,,-0.53159236907959,-0.5
1435,Edwin Rios,18316,Dodgers,1B/3B,60.0,,-0.533534049987793,-0.5
1436,Josh VanMeter,15170,Diamondbacks,2B/3B,310.0,,-0.534325420856476,-0.5
1437,Nomar Mazara,14553,Tigers,RF,181.0,,-0.541816592216492,-0.5
1438,Jarren Duran,24617,Red Sox,CF,112.0,,-0.542093932628632,-0.5
1439,Gregory Santos,21894,Giants,P,,2.0,-0.549903690814972,-0.5
1440,Albert Abreu,17485,Yankees,P,,36.2,-0.552442491054535,-0.6
1441,Josh Naylor,18839,Cleveland,RF,250.0,,-0.553907692432404,-0.6
1442,Willie Calhoun,17838,Rangers,LF/DH,284.0,,-0.55516642332077,-0.6
1443,Jake Arrieta,4153,- - -,P,,98.2,-0.714555472135544,-0.6
1444,Kelvin Gutierrez,17468,- - -,3B,295.0,,-0.575772568583488,-0.6
1445,Jerad Eickhoff,12664,Mets,P,,19.2,-0.728240072727203,-0.6
1446,Matt Joyce,3353,Phillies,RF/LF,69.0,,-0.581332206726074,-0.6
1447,Ka'ai Tom,18136,- - -,LF,133.0,,-0.604073256254196,-0.6
1448,Luis Campusano,22217,Padres,C,38.0,,-0.587289392948151,-0.6
1449,Stephen Piscotty,13367,Athletics,RF,188.0,,-0.600130379199982,-0.6
1450,David Bote,14593,Cubs,2B/3B,327.0,,-0.604914367198944,-0.6
1451,Jahmai Jones,18872,Orioles,2B,72.0,,-0.607730805873871,-0.6
1452,Sheldon Neuse,19635,Dodgers,2B/3B,66.0,,-0.608680844306946,-0.6
1453,Andrew Albers,7853,Twins,P,,19.0,-0.612953305244446,-0.6
1454,Stevie Wilkerson,16041,Orioles,2B,76.0,,-0.571250796318054,-0.6
1455,Kyle Keller,18890,Pirates,P,,33.1,-0.627155423164368,-0.6
1456,TJ Zeuch,19269,Blue Jays,P,,15.0,-0.628858029842377,-0.6
1457,Kohei Arihara,27505,Rangers,P,,40.2,-0.612170577049255,-0.6
1458,Chance Sisco,15694,- - -,C,83.0,,-0.642899073660374,-0.6
1459,Gilberto Celestino,20233,Twins,CF,62.0,,-0.655440330505371,-0.7
1460,Zack Short,19562,Tigers,SS,184.0,,-0.655985772609711,-0.7
1461,Victor Caratini,14968,Padres,C,356.0,,-0.65844190120697,-0.7
1462,Brooks Kriske,21189,- - -,P,,11.1,-0.659654594957829,-0.7
1463,Curtis Terry,18881,Rangers,DH,48.0,,-0.662866175174713,-0.7
1464,Miguel Cabrera,1744,Tigers,1B/DH,526.0,,-0.663098633289337,-0.7
1465,Marwin Gonzalez,5497,- - -,2B,307.0,,-0.66979606449604,-0.7
1466,Jake Bauers,15194,- - -,1B,315.0,,-0.669356048107147,-0.7
1467,Robel Garcia,13167,Astros,3B/SS,117.0,,-0.565850615501404,-0.7
1468,Tim Locastro,15124,- - -,CF/LF,156.0,,-0.673978932201862,-0.7
1469,Cristian Pache,19948,Braves,CF,68.0,,-0.68172824382782,-0.7
1470,Isan Diaz,17922,Marlins,2B/3B,277.0,,-0.683061182498932,-0.7
1471,Matt Shoemaker,4776,Twins,P,,60.1,-0.689043939113617,-0.7
1472,Evan White,20078,Mariners,1B,104.0,,-0.689872682094574,-0.7
1473,Jarred Kelenic,22558,Mariners,CF,377.0,,-0.6915123462677,-0.7
1474,Carter Kieboom,19958,Nationals,3B,249.0,,-0.69190639257431,-0.7
1475,Zack Collins,19181,White Sox,C,231.0,,-0.693058669567108,-0.7
1476,Drew Butera,3411,Angels,C,36.0,,-0.716096818447113,-0.7
1477,Erik Gonzalez,13369,Pirates,3B/SS,229.0,,-0.717232942581177,-0.7
1478,Albert Almora Jr.,14109,Mets,CF,54.0,,-0.632626473903656,-0.7
1479,Keston Hiura,20003,Brewers,1B,197.0,,-0.731018424034119,-0.7
1480,Jurickson Profar,10815,Padres,RF/LF,412.0,,-0.734329998493195,-0.7
1481,Ryan O'Hearn,16442,Royals,1B/RF/DH,254.0,,-0.7375568151474,-0.7
1482,Griffin Jax,20253,Twins,P,,82.0,-0.710873007774353,-0.7
1483,Franchy Cordero,14567,Red Sox,LF,136.0,,-0.75909411907196,-0.8
1484,Ildemaro Vargas,13324,- - -,2B/3B,83.0,,-0.763010486960411,-0.8
1485,David Dahl,13744,Rangers,LF/DH,220.0,,-0.768124639987946,-0.8
1486,Justin Williams,15490,Cardinals,RF/LF,137.0,,-0.790920853614807,-0.8
1487,Cody Bellinger,15998,Dodgers,CF,350.0,,-0.793361902236938,-0.8
1488,Jackie Bradley Jr.,12984,Brewers,CF,428.0,,-0.80545437335968,-0.8
1489,Sandy Leon,5273,Marlins,C,220.0,,-0.634983658790588,-0.8
1490,Mike Foltynewicz,10811,Rangers,P,,139.0,-0.810686469078064,-0.8
1491,Michael Perez,12977,Pirates,C,231.0,,-0.862368106842041,-0.9
1492,Nate Jones,4696,- - -,P,,19.0,-0.860922247171402,-0.9
1493,Domingo Leyba,16404,- - -,2B/3B,96.0,,-0.882870048284531,-0.9
1494,Bryan Garcia,19457,Tigers,P,,39.1,-0.886265337467194,-0.9
1495,Clint Frazier,15983,Yankees,RF/LF,218.0,,-0.904082000255585,-0.9
1496,Willians Astudillo,15608,Twins,1B/3B,216.0,,-0.848811209201813,-0.9
1497,Pat Valaika,14885,Orioles,2B,281.0,,-0.963066458702087,-1.0
1498,Andrew Knizner,19514,Cardinals,C,185.0,,-0.973090350627899,-1.0
1499,JaCoby Jones,14818,Tigers,CF,105.0,,-0.977853536605835,-1.0
1500,David Hess,16130,- - -,P,,20.0,-0.935023590922356,-1.0
1501,Austin Wynns,15271,Orioles,C,139.0,,-0.941054403781891,-1.0
1502,Alex Young,18333,- - -,P,,52.0,-0.986974239349365,-1.0
1503,Andrew Knapp,14942,Phillies,C,159.0,,-1.07385504245758,-1.1
1504,Owen Miller,24655,Cleveland,1B/2B,202.0,,-1.10185599327087,-1.1
1505,Gregory Polanco,12907,Pirates,RF,382.0,,-1.15669798851013,-1.2
1506,Joe Panik,11936,- - -,2B/3B,257.0,,-1.16957655549049,-1.2
1507,Adam Plutko,15846,Orioles,P,,56.1,-1.18727374076843,-1.2
