Name,PA,IP,Primary.WAR,Total.WAR,Position,Salary,variable
Vladimir Guerrero Jr.,698,NA,6.68900632858276,6.7,1B,0.6054,x_1
Matt Olson,673,NA,5.03258037567139,5,1B,5,x_2
Paul Goldschmidt,679,NA,4.92604112625122,4.9,1B,26,x_3
Max Muncy L,592,NA,4.88104009628296,4.9,1B,9,x_4
Freddie Freeman,695,NA,4.48600053787231,4.5,1B,22.409375,x_5
Joey Votto,533,NA,3.64994430541992,3.6,1B,25,x_6
Ty France,650,NA,3.4820294380188,3.5,1B,0.5875,x_7
Yulieski Gurriel,605,NA,3.3562345504760698,3.4,1B,8.5,x_8
Brandon Belt,381,NA,3.3406388759613,3.3,1B,17.2,x_9
Jeimer Candelario,626,NA,3.19267296791077,3.2,1B,2.85,x_10
Pete Alonso,637,NA,2.99942135810852,3,1B,0.676775,x_11
Jose Abreu,659,NA,2.86216807365417,2.9,1B,17.666666,x_12
Jared Walsh,585,NA,2.75528407096863,2.8,1B,0.5905,x_13
Darin Ruf,312,NA,2.52278971672058,2.5,1B,1.275,x_14
CJ Cron,547,NA,2.34007239341736,2.3,1B,1,x_15
Rhys Hoskins,443,NA,2.33542370796204,2.3,1B,4.8,x_16
Anthony Rizzo,576,NA,1.61269950866699,1.6,1B,16.5,x_17
Ryan Mountcastle,586,NA,1.43491804599762,1.4,1B,0.5745,x_18
Connor Joe,211,NA,1.37889230251312,1.4,1B,0.5705,x_19
Josh Bell,568,NA,1.3705575466156,1.4,1B,6.35,x_20
Jesus Aguilar,510,NA,1.24513292312622,1.2,1B,4.5,x_21
Seth Brown,307,NA,1.05941271781921,1.1,1B,0.5705,x_22
Ji-Man Choi,305,NA,0.907863736152649,0.9,1B,2.45,x_23
Bobby Dalbec,453,NA,0.673154175281525,0.7,1B,0.575,x_24
Trey Mancini,616,NA,0.649648308753967,0.6,1B,4.75,x_25
Luke Voit,241,NA,0.44609934091568,0.4,1B,4.7,x_26
Miguel Sano,532,NA,0.43442377448082,0.4,1B,11,x_27
Ryan Zimmerman,273,NA,0.376619219779968,0.4,1B,1,x_28
Christian Walker,445,NA,0.302232503890991,0.3,1B,0.6193,x_29
Dan Vogelbach,258,NA,0.083115242421627,0.1,1B,1.4,x_30
Eric Hosmer,565,NA,-0.0046342830173671,0,1B,21,x_31
Albert Pujols,296,NA,-0.189089208841324,-0.2,1B,0.5705,x_32
Ronald Guzman,17,NA,-0.198572844266891,-0.2,1B,0.606,x_33
Mitch Moreland,252,NA,-0.223400011658669,-0.2,1B,2.25,x_34
Travis Shaw,250,NA,-0.206134375184774,-0.2,1B,1.5,x_35
Rowdy Tellez,325,NA,-0.210572838783264,-0.2,1B,0.5981,x_36
Colin Moran,359,NA,-0.24739021062851,-0.2,1B,2.8,x_37
Carlos Santana,659,NA,-0.274748235940933,-0.3,1B,7.25,x_38
Miguel Cabrera,526,NA,-0.663098633289337,-0.7,1B,30,x_39
Jake Bauers,315,NA,-0.669356048107147,-0.7,1B,0.6,x_40
Evan White,104,NA,-0.689872682094574,-0.7,1B,1.3,x_41
Frank Schwindel,259,NA,2.06501318514347,2.1,1B,0.5705,x_42
Nathaniel Lowe,642,NA,1.55721402168274,1.6,1B,0.575,x_43
Gavin Sheets,179,NA,0.422199368476868,0.4,1B,0.5705,x_44
Bobby Bradley,279,NA,0.318226724863052,0.3,1B,0.5705,x_45
Alfonso Rivas,49,NA,0.167527794837952,0.2,1B,0.5705,x_46
Seth Beer,10,NA,0.164546862244606,0.2,1B,0.5705,x_47
Tyler Nevin,18,NA,0.153564736247063,0.2,1B,0.5705,x_48
Eric Campbell,12,NA,0.0070636342279613,0,1B,0.5705,x_49
Ryan McBroom,9,NA,-0.0163842365145683,0,1B,0.5839,x_50
Matt Thaiss,8,NA,-0.0349348112940788,0,1B,0.5705,x_51
Taylor Jones,108,NA,-0.0695319920778275,-0.1,1B,0.5705,x_52
Chris Gittens,44,NA,-0.180232644081116,-0.2,1B,0.5705,x_53
Mike Ford,72,NA,-0.189614072442055,-0.2,1B,0.5705,x_54
Joshua Fuentes,284,NA,-0.31406569480896,-0.3,1B,0.5755,x_55
Matt Adams,40,NA,-0.355013281106949,-0.4,1B,0.5705,x_56
John Nogowski,143,NA,-0.436884574592113,-0.4,1B,0.5705,x_57
Curtis Terry,48,NA,-0.662866175174713,-0.7,1B,0.5705,x_58
Ryan O'Hearn,254,NA,-0.7375568151474,-0.7,1B,0.5705,x_59
Lewin Diaz,128,NA,-0.0445816852152348,0,1B,0.5705,x_60
Yoshi Tsutsugo,262,NA,0.161504341289401,0.2,1B,7,x_61
Jay Bruce,39,NA,-0.334087759256363,-0.3,1B,0.5705,x_62
Brandon Lowe,615,NA,5.21499729156494,5.2,2B,2.5,x_63
Jose Altuve,678,NA,5.16859197616577,5.2,2B,29,x_64
Jake Cronenworth,643,NA,4.41222953796387,4.4,2B,0.5849,x_65
Ozzie Albies,686,NA,4.15890979766846,4.2,2B,3,x_66
Enrique Hernandez,585,NA,3.94963049888611,3.9,2B,6,x_67
Adam Frazier,639,NA,3.44201663136482,3.4,2B,4.3,x_68
Chris Taylor,582,NA,3.07187294960022,3.1,2B,7.8,x_69
Kolten Wong,492,NA,2.94300127029419,2.9,2B,7.5,x_70
Tony Kemp,397,NA,2.71663308143616,2.7,2B,1.05,x_71
Ryan McMahon,596,NA,2.53881335258484,2.5,2B,2.375,x_72
Tommy Edman,691,NA,2.33591246604919,2.3,2B,0.596,x_73
Cesar Hernandez,637,NA,2.1944799721241,2.2,2B,5,x_74
Jonathan Villar,505,NA,2.14283585548401,2.1,2B,3.55,x_75
Leury Garcia,474,NA,1.95455837249756,2,2B,3.5,x_76
Luis Arraez,479,NA,1.81522881984711,1.8,2B,0.611,x_77
Ramon Urias,296,NA,1.64835572242737,1.6,2B,0.5715,x_78
Josh Harrison,558,NA,1.53817783296108,1.5,2B,1.25,x_79
Jonathan Schoop,674,NA,1.46715652942657,1.5,2B,4.5,x_80
Nick Madrigal,215,NA,1.33552753925323,1.3,2B,0.584,x_81
Wilmer Flores,436,NA,1.24888730049133,1.2,2B,3,x_82
Donovan Solano,344,NA,1.10950303077698,1.1,2B,3.25,x_83
Brad Miller,377,NA,1.00362968444824,1,2B,3.5,x_84
Tyler Wade,145,NA,0.926141321659088,0.9,2B,0.603,x_85
Jace Peterson,302,NA,0.852898061275482,0.9,2B,0.575,x_86
Jed Lowrie,512,NA,0.854127109050751,0.9,2B,1.5,x_87
Rougned Odor,361,NA,0.635221600532532,0.6,2B,12.333333,x_88
Charlie Culberson,271,NA,0.562433421611786,0.6,2B,1.5,x_89
Hanser Alberto,255,NA,0.564217269420624,0.6,2B,1.65,x_90
Chris Owings,50,NA,0.538014829158783,0.5,2B,1,x_91
Jeff McNeil,426,NA,0.53508597612381,0.5,2B,0.642251,x_92
Ronald Torreyes,344,NA,0.630850672721863,0.5,2B,0.8,x_93
Garrett Hampson,494,NA,0.481372535228729,0.5,2B,0.5805,x_94
Tommy La Stella,242,NA,0.455832153558731,0.5,2B,2,x_95
David Fletcher,665,NA,0.335862517356873,0.3,2B,2,x_96
Jon Berti,271,NA,0.249193862080574,0.2,2B,0.6075,x_97
Dylan Moore,377,NA,0.198053777217865,0.2,2B,0.5904,x_98
Asdrubal Cabrera,352,NA,0.049106627702713,0.1,2B,1.75,x_99
Niko Goodrum,325,NA,0.0480476245284081,0,2B,2.1,x_100
Michael Chavis,124,NA,-0.0818976908922195,-0.1,2B,0.5755,x_101
Cavan Biggio,294,NA,-0.133607119321823,-0.1,2B,0.604,x_102
Brock Holt,260,NA,-0.277247071266174,-0.3,2B,1.75,x_103
Vimael Machin,37,NA,-0.422376692295074,-0.4,2B,0.5705,x_104
Sam Haggerty,94,NA,-0.423421025276184,-0.4,2B,0.5743,x_105
Josh VanMeter,310,NA,-0.534325420856476,-0.5,2B,0.5834,x_106
David Bote,327,NA,-0.604914367198944,-0.6,2B,1.01,x_107
Nicky Lopez,565,NA,4.35954999923706,4.4,2B,0.5975,x_108
Jazz Chisholm Jr.,507,NA,1.59379959106445,1.6,2B,0.5705,x_109
Thairo Estrada,132,NA,0.85272628068924,0.9,2B,0.5705,x_110
Nico Hoerner,170,NA,0.844907999038696,0.8,2B,0.5705,x_111
Jack Mayfield,290,NA,0.582548148930073,0.6,2B,0.5705,x_112
Ernie Clement,133,NA,0.312116205692291,0.3,2B,0.5705,x_113
Sergio Alcantara,255,NA,0.297676354646683,0.3,2B,0.5705,x_114
Breyvic Valera,97,NA,0.291127592325211,0.3,2B,0.5705,x_115
Jose Rondon,90,NA,0.268448531627655,0.3,2B,0.5705,x_116
Romy Gonzalez,33,NA,0.0575028359889984,0.1,2B,0.5705,x_117
Hoy Park,150,NA,0.0542843118309975,0.1,2B,0.5705,x_118
Jacob Wilson,21,NA,-0.0186175918206573,0,2B,0.5705,x_119
Tyler Ladendorf,1,NA,-0.0235049035400152,0,2B,0.5705,x_120
Adrian Sanchez,38,NA,-0.0600068680942059,-0.1,2B,0.5705,x_121
Jack Lopez,16,NA,-0.0819149687886238,-0.1,2B,0.5705,x_122
Tim Lopes,11,NA,-0.16653548181057,-0.2,2B,0.5761,x_123
Jake Hager,30,NA,-0.173888154327869,-0.2,2B,0.5705,x_124
Alejo Lopez,23,NA,-0.187869682908058,-0.2,2B,0.5705,x_125
Trent Giambrone,13,NA,-0.23220120370388,-0.2,2B,0.5705,x_126
Eddy Alvarez,74,NA,-0.23687881231308,-0.2,2B,0.5705,x_127
Max Moroff,16,NA,-0.262054771184921,-0.3,2B,0.5705,x_128
Mike Freeman,65,NA,-0.312605977058411,-0.3,2B,0.5705,x_129
Vidal Brujan,26,NA,-0.472921550273895,-0.5,2B,0.5705,x_130
Kean Wong,66,NA,-0.491172164678574,-0.5,2B,0.5705,x_131
Shed Long Jr.,121,NA,-0.518216669559479,-0.5,2B,0.5805,x_132
Jahmai Jones,72,NA,-0.607730805873871,-0.6,2B,0.5705,x_133
Stevie Wilkerson,76,NA,-0.571250796318054,-0.6,2B,0.5705,x_134
Zack Short,184,NA,-0.655985772609711,-0.7,2B,0.5705,x_135
Robel Garcia,117,NA,-0.565850615501404,-0.7,2B,0.5805,x_136
Isan Diaz,277,NA,-0.683061182498932,-0.7,2B,0.5705,x_137
Keston Hiura,197,NA,-0.731018424034119,-0.7,2B,0.5846,x_138
Ildemaro Vargas,83,NA,-0.763010486960411,-0.8,2B,0.5705,x_139
Domingo Leyba,96,NA,-0.882870048284531,-0.9,2B,0.5705,x_140
Alex Young,NA,52,-0.986974239349365,-1,2B,0.5705,x_141
Andy Ibanez,272,NA,1.02655136585236,1,2B,0.5705,x_142
Andy Young,104,NA,0.0816679820418358,0.1,2B,0.5705,x_143
Starlin Castro,346,NA,0.398591548204422,0.4,2B,7,x_144
Daniel Robertson,90,NA,-0.155672624707222,-0.1,2B,0.9,x_145
Eric Sogard,180,NA,-0.359803557395935,-0.5,2B,0.5705,x_146
Joe Panik,257,NA,-1.16957655549049,-1.2,2B,0.5705,x_147
Jose Ramirez,636,NA,6.29552125930786,6.3,3B,9.4,x_148
Rafael Devers,664,NA,4.6592435836792,4.7,3B,4.575,x_149
Yoan Moncada,616,NA,4.50636386871338,4.5,3B,6.8,x_150
Manny Machado,640,NA,4.4017653465271,4.4,3B,32,x_151
Austin Riley,662,NA,4.17197751998901,4.2,3B,0.5905,x_152
Nolan Arenado,653,NA,4.01452350616455,4,3B,35.025,x_153
Justin Turner,612,NA,4.00166082382202,4,3B,12,x_154
Kris Bryant,586,NA,3.5595611333847,3.6,3B,19.5,x_155
Matt Chapman,622,NA,3.44810509681702,3.4,3B,6.49,x_156
Eduardo Escobar,599,NA,2.9841057062149,3,3B,7.5,x_157
Luis Urias,570,NA,2.67421388626099,2.7,3B,0.5751,x_158
Joe Wendle,501,NA,2.60683751106262,2.6,3B,2.25,x_159
Kyle Seager,670,NA,2.46368718147278,2.5,3B,18.5,x_160
DJ LeMahieu,679,NA,2.43938040733337,2.4,3B,15,x_161
Josh Donaldson,543,NA,2.19129467010498,2.2,3B,21,x_162
Alex Bregman,400,NA,2.01442360877991,2,3B,12.666666,x_163
Yandy Diaz,541,NA,1.82952415943146,1.8,3B,0.5889,x_164
Evan Longoria,291,NA,1.69687640666962,1.7,3B,18.5,x_165
JD Davis,211,NA,1.55379545688629,1.6,3B,2.1,x_166
Ke'Bryan Hayes,396,NA,1.5239315032959,1.5,3B,0.5895,x_167
Matt Duffy,322,NA,1.48694431781769,1.5,3B,1,x_168
Brian Anderson,264,NA,1.26603162288666,1.3,3B,3.8,x_169
Nick Solak,511,NA,1.11265134811401,1.1,3B,0.586,x_170
Giovanny Urshela,442,NA,0.973666548728943,1,3B,4.65,x_171
Matt Beaty,234,NA,0.818606734275818,0.8,3B,0.5905,x_172
Anthony Rendon,249,NA,0.650072515010834,0.7,3B,28.071428,x_173
Eugenio Suarez,574,NA,0.550932288169861,0.6,3B,10.785714,x_174
Taylor Ward,237,NA,0.537376940250397,0.5,3B,0.5905,x_175
Harold Castro,339,NA,0.544913947582245,0.5,3B,0.5817,x_176
Nick Senzel,124,NA,-0.135283261537552,-0.1,3B,0.5805,x_177
Hunter Dozier,543,NA,-0.152541622519493,-0.2,3B,2.5,x_178
Alec Bohm,417,NA,-0.216409608721733,-0.2,3B,0.575,x_179
Miguel Andujar,162,NA,-0.221517309546471,-0.2,3B,0.639,x_180
Colton Welker,40,NA,-0.315186202526093,-0.3,3B,0.5705,x_181
Matt Carpenter,249,NA,-0.332263439893723,-0.3,3B,18.5,x_182
Mike Moustakas,206,NA,-0.429741591215134,-0.4,3B,14,x_183
Edwin Rios,60,NA,-0.533534049987793,-0.5,3B,0.5905,x_184
Jonathan India,631,NA,3.94611859321594,3.9,3B,0.5705,x_185
Patrick Wisdom,375,NA,2.25600504875183,2.3,3B,0.5705,x_186
Abraham Toro,375,NA,1.23133125901222,1.2,3B,0.5705,x_187
Jake Burger,42,NA,0.307125061750412,0.3,3B,0.5705,x_188
Brandon Drury,88,NA,0.302360236644745,0.2,3B,1.55,x_189
Josh Lowe,2,NA,0.143936395645142,0.1,3B,0.5705,x_190
Travis Blankenhorn,24,NA,-0.0019216088985558,0,3B,0.5705,x_191
Kevin Padlo,15,NA,-0.0619089063256979,-0.1,3B,0.5705,x_192
Hunter Owen,5,NA,-0.072830505669117,-0.1,3B,0.5705,x_193
Alex Blandino,82,NA,-0.0100006582215428,-0.1,3B,0.573,x_194
Ryan Vilade,7,NA,-0.101432524621487,-0.1,3B,0.5705,x_195
Ryan Dorow,7,NA,-0.132342398166656,-0.1,3B,0.5705,x_196
Emmanuel Rivera,98,NA,-0.147335946559906,-0.1,3B,0.5705,x_197
Jose Rojas,184,NA,-0.148366317152977,-0.1,3B,0.5705,x_198
Mike Brosseau,169,NA,-0.164315402507782,-0.2,3B,0.5863,x_199
Wyatt Mathisen,51,NA,-0.233468145132065,-0.2,3B,0.5705,x_200
Isaac Paredes,85,NA,-0.31745707988739,-0.3,3B,0.5705,x_201
Will Craig,65,NA,-0.353347599506378,-0.4,3B,0.5705,x_202
Jason Vosler,82,NA,-0.36410653591156,-0.4,3B,0.5705,x_203
Rio Ruiz,141,NA,-0.405761376023293,-0.4,3B,0.5705,x_204
Drew Ellis,83,NA,-0.452263325452805,-0.5,3B,0.5705,x_205
Phillip Evans,247,NA,-0.515679955482483,-0.5,3B,0.65,x_206
Kelvin Gutierrez,295,NA,-0.575772568583488,-0.6,3B,0.5705,x_207
Carter Kieboom,249,NA,-0.69190639257431,-0.7,3B,0.5705,x_208
Jake Lamb,170,NA,0.117714285850525,0.1,3B,1,x_209
Andy Burns,15,NA,0.103455349802971,0.1,3B,0.5705,x_210
Pablo Sandoval,86,NA,-0.106738723814487,-0.1,3B,1,x_211
Renato Nunez,55,NA,-0.121358148753643,-0.1,3B,0.5705,x_212
Hernan Perez,21,NA,-0.276034444570541,-0.2,3B,0.5705,x_213
Johan Camargo,18,NA,-0.323496729135513,-0.3,3B,1.36,x_214
Maikel Franco,403,NA,-0.333823651075363,-0.3,3B,0.8,x_215
Todd Frazier,40,NA,-0.376727521419525,-0.4,3B,0.5705,x_216
Buster Posey,454,NA,4.93765068054199,4.9,C,22.202777,x_217
Will Smith L,501,NA,4.61023044586182,4.6,C,0.5905,x_218
Mike Zunino,375,NA,4.52615976333618,4.5,C,2,x_219
JT Realmuto,537,NA,4.4143705368042,4.4,C,20,x_220
Yasmani Grandal,375,NA,3.72071504592896,3.7,C,18.25,x_221
Salvador Perez,665,NA,3.35392570495605,3.4,C,14.2,x_222
Sean Murphy,448,NA,3.26470732688904,3.3,C,0.5755,x_223
Max Stassi,319,NA,2.91660594940186,2.9,C,1.6,x_224
Omar Narvaez,445,NA,2.81187057495117,2.8,C,2.5,x_225
Jacob Stallings,427,NA,2.57412815093994,2.6,C,1.3,x_226
Mitch Garver,243,NA,2.11751794815063,2.1,C,1.875,x_227
Willson Contreras,483,NA,2.10820960998535,2.1,C,6.65,x_228
Carson Kelly,359,NA,1.72652876377106,1.7,C,1.7,x_229
Elias Diaz,371,NA,1.59823107719421,1.6,C,1.3,x_230
Yan Gomes,375,NA,1.56735949218273,1.6,C,6,x_231
Manuel Pina,208,NA,1.50059819221497,1.5,C,1.65,x_232
Gary Sanchez,440,NA,1.45881986618042,1.5,C,6.35,x_233
Danny Jansen,205,NA,1.40473258495331,1.4,C,0.6018,x_234
Francisco Mejia,277,NA,1.39705312252045,1.3,C,0.5863,x_235
Tucker Barnhart,388,NA,1.21038258075714,1.2,C,4.1875,x_236
Jason Castro,179,NA,1.0723090171814,1.1,C,3.5,x_237
Jonah Heim,285,NA,1.05690515041351,1.1,C,0.574,x_238
Yadier Molina,473,NA,0.985519766807556,1,C,9,x_239
Tom Murphy,325,NA,0.965366542339325,1,C,0.875,x_240
Austin Nola,194,NA,0.95426881313324,1,C,0.5715,x_241
Tomas Nido,161,NA,0.880803465843201,0.9,C,0.57772,x_242
Austin Barnes,225,NA,0.774181246757507,0.8,C,1.65,x_243
Alejandro Kirk,189,NA,0.650661170482635,0.7,C,0.5735,x_244
Jorge Alfaro,311,NA,0.635967552661896,0.6,C,2.05,x_245
Ryan Jeffers,293,NA,0.634558379650116,0.6,C,0.5755,x_246
Jose Trevino,302,NA,0.62790858745575,0.6,C,0.584,x_247
Travis d'Arnaud,229,NA,0.588846921920776,0.6,C,8,x_248
Kyle Higashioka,211,NA,0.584452211856842,0.6,C,0.594,x_249
Kevin Plawecki,173,NA,0.537708401679993,0.5,C,1.6,x_250
Dom Nunez,263,NA,0.520329296588898,0.5,C,0.5725,x_251
Christian Vazquez,498,NA,0.496885627508163,0.5,C,6.25,x_252
Curt Casali,231,NA,0.472661525011063,0.5,C,2,x_253
James McCann,412,NA,0.471690148115158,0.5,C,8.15,x_254
Robinson Chirinos,112,NA,0.463510900735855,0.5,C,1,x_255
Luis Torrens,378,NA,0.268615126609802,0.3,C,0.5807,x_256
Martin Maldonado,426,NA,0.197527378797531,0.2,C,3.5,x_257
Alex Avila,111,NA,0.177252873778343,0.2,C,1.5,x_258
Stephen Vogt,238,NA,0.123534306883812,0.1,C,3.5,x_259
Austin Hedges,312,NA,0.0519962273538113,0.1,C,3.28,x_260
William Contreras,185,NA,-0.0361315757036209,0,C,0.5705,x_261
Rob Brantly,21,NA,-0.048125296831131,0,C,0.5705,x_262
Pedro Severino,419,NA,-0.118317008018494,-0.1,C,1.825,x_263
Roberto Perez,161,NA,-0.255444586277008,-0.3,C,5.5,x_264
Jose Lobaton,13,NA,-0.307929664850235,-0.3,C,1,x_265
Austin Romine,62,NA,-0.381036698818207,-0.4,C,2,x_266
Wilson Ramos,163,NA,-0.383884958922863,-0.4,C,1,x_267
Kurt Suzuki,247,NA,-0.384790748357773,-0.4,C,1.5,x_268
Alex Jackson,151,NA,-0.45293764770031,-0.5,C,0.5805,x_269
Victor Caratini,356,NA,-0.65844190120697,-0.7,C,1.3,x_270
Zack Collins,231,NA,-0.693058669567108,-0.7,C,0.575,x_271
Sandy Leon,220,NA,-0.634983658790588,-0.8,C,1.25,x_272
Michael Perez,231,NA,-0.862368106842041,-0.9,C,0.5915,x_273
Willians Astudillo,216,NA,-0.848811209201813,-0.9,C,0.5735,x_274
Andrew Knizner,185,NA,-0.973090350627899,-1,C,0.5792,x_275
Andrew Knapp,159,NA,-1.07385504245758,-1.1,C,1.1,x_276
Tyler Stephenson,402,NA,1.97242784500122,2,C,0.5705,x_277
Reese McGuire,217,NA,1.34814190864563,1.3,C,0.5705,x_278
Eric Haase,381,NA,1.03688943386078,1,C,0.5705,x_279
Jake Rogers,127,NA,1.00929415225983,1,C,0.5705,x_280
Tres Barrera,107,NA,0.616886615753174,0.6,C,0.5715,x_281
Cam Gallagher,124,NA,0.471421182155609,0.5,C,0.604,x_282
Keibert Ruiz,96,NA,0.34072102420032,0.3,C,0.5705,x_283
John Hicks,31,NA,0.300500780344009,0.3,C,0.5705,x_284
Connor Wong,14,NA,0.232914805412292,0.2,C,0.5705,x_285
Luke Maile,34,NA,0.278134256601334,0.2,C,0.825,x_286
Grayson Greiner,82,NA,0.199496358633041,0.2,C,0.5831,x_287
Austin Allen,8,NA,0.18212765455246,0.2,C,0.5705,x_288
Ben Rortvedt,98,NA,0.159512937068939,0.2,C,0.5705,x_289
Seby Zavala,104,NA,0.111999899148941,0.1,C,0.5705,x_290
Webster Rivas,77,NA,0.109175145626068,0.1,C,0.5705,x_291
Cal Raleigh,148,NA,0.0997406765818596,0.1,C,0.5705,x_292
Rene Rivera,78,NA,0.0987728349864483,0.1,C,0.5705,x_293
Jonathan Lucroy,23,NA,0.0816345978528261,0.1,C,0.5705,x_294
Erick Castillo,9,NA,0.0809295773506165,0.1,C,0.5705,x_295
Taylor Davis,6,NA,0.0764666870236397,0.1,C,0.5705,x_296
Yermin Mercedes,262,NA,0.0852144807577133,0.1,C,0.5705,x_297
Jakson Reetz,2,NA,0.0575942136347294,0.1,C,0.5705,x_298
Riley Adams,120,NA,0.0487666130065918,0,C,0.5705,x_299
Mario Feliciano,1,NA,0.0435505546629429,0,C,0.5705,x_300
Joey Bart,6,NA,0.0241532567888498,0,C,0.5705,x_301
Nick Ciuffo,6,NA,0.0142352813854814,0,C,0.5705,x_302
Ali Sanchez,4,NA,0.0020214288961142,0,C,0.5705,x_303
Jack Kruger,0,NA,8.596990955993e-4,0,C,0.5705,x_304
Rafael Marchan,56,NA,-0.0095527293160557,0,C,0.5705,x_305
Jacob Nottingham,45,NA,-0.0144794955849648,0,C,0.5754,x_306
Garrett Stubbs,38,NA,-0.0421683043241501,0,C,0.5705,x_307
Joseph Odom,2,NA,-0.0426686927676201,0,C,0.5705,x_308
Tyler Payne,2,NA,-0.044430710375309,0,C,0.5705,x_309
Yohel Pozo,77,NA,-0.0615803562104702,-0.1,C,0.5705,x_310
Taylor Gushue,4,NA,-0.0977449789643288,-0.1,C,0.5705,x_311
Patrick Mazeika,87,NA,-0.136589676141739,-0.1,C,0.5705,x_312
Chadwick Tromp,18,NA,-0.172217309474945,-0.2,C,0.5705,x_313
Aramis Garcia,94,NA,-0.206870973110199,-0.2,C,0.5755,x_314
Sebastian Rivero,44,NA,-0.246330663561821,-0.2,C,0.5705,x_315
Jose Godoy,40,NA,-0.280626624822617,-0.3,C,0.5705,x_316
Chad Wallach,66,NA,-0.303122878074646,-0.3,C,0.5705,x_317
PJ Higgins,25,NA,-0.34564071893692,-0.3,C,0.5705,x_318
Kevan Smith,106,NA,-0.494486878626049,-0.5,C,0.5705,x_319
Luis Campusano,38,NA,-0.587289392948151,-0.6,C,0.5711,x_320
Chance Sisco,83,NA,-0.642899073660374,-0.6,C,0.5705,x_321
Drew Butera,36,NA,-0.716096818447113,-0.7,C,0.5705,x_322
Austin Wynns,139,NA,-0.941054403781891,-1,C,0.5705,x_323
Nick Fortes,34,NA,0.342617928981781,0.3,C,0.5705,x_324
Payton Henry,16,NA,0.0393786430358887,0,C,0.5705,x_325
Anthony Bemboom,28,NA,-0.156731054186821,-0.2,C,0.5705,x_326
Dustin Garneau,68,NA,0.467272102832794,0.5,C,0.5705,x_327
Ryan Lavarnway,30,NA,-0.040427178144455,0,C,0.5705,x_328
Jeff Mathis,9,NA,-0.18048831820488,-0.2,C,0.5705,x_329
Tony Wolters,30,NA,-0.184007093310356,-0.2,C,0.8,x_330
Bryan Holaday,34,NA,-0.234594330191612,-0.3,C,0.5705,x_331
Starling Marte,526,NA,5.50118923187256,5.5,CF,12.5,x_332
Cedric Mullins,675,NA,5.33809947967529,5.3,CF,0.577,x_333
Byron Buxton,254,NA,4.15945291519165,4.2,CF,5.125,x_334
Myles Straw,638,NA,3.69046008586884,3.7,CF,0.5904,x_335
Brandon Nimmo,386,NA,3.45776891708374,3.5,CF,4.7,x_336
Harrison Bader,401,NA,3.38761329650879,3.4,CF,2,x_337
Luis Robert,296,NA,3.19644331932068,3.2,CF,3.5,x_338
Ketel Marte,374,NA,2.90033841133118,2.9,CF,6,x_339
Adolis Garcia,622,NA,2.85124492645264,2.9,CF,0.575,x_340
Kevin Kiermaier,390,NA,2.48124980926514,2.5,CF,11.666666,x_341
George Springer,342,NA,2.41683959960938,2.4,CF,23.666666,x_342
Mike Trout,146,NA,2.2806875705719,2.3,CF,37.166667,x_343
Steven Duggar,297,NA,2.12952589988708,2.1,CF,0.5705,x_344
Ramon Laureano,378,NA,2.12544918060303,2.1,CF,0.5805,x_345
Trent Grisham,527,NA,2.07314157485962,2.1,CF,0.5892,x_346
Alex Verdugo,604,NA,1.99900984764099,2,CF,0.6495,x_347
Lorenzo Cain,286,NA,1.75322163105011,1.8,CF,16,x_348
Ian Happ,535,NA,1.33014178276062,1.3,CF,4.1,x_349
Ben Gamel,400,NA,1.18076549470425,1.2,CF,1.5,x_350
Odubel Herrera,492,NA,1.0607100725174,1.1,CF,10.35,x_351
Bradley Zimmer,348,NA,1.05310142040253,1.1,CF,0.5767,x_352
Kevin Pillar,347,NA,0.701929569244385,0.7,CF,3.6,x_353
Guillermo Heredia,347,NA,0.549621880054474,0.5,CF,1,x_354
Sam Hilliard,238,NA,0.524517416954041,0.5,CF,0.5755,x_355
Matt Vierling,77,NA,0.500988006591797,0.5,CF,0.5705,x_356
Kyle Lewis,147,NA,0.332578182220459,0.3,CF,0.625,x_357
Billy Hamilton,135,NA,0.317523866891861,0.3,CF,1.25,x_358
Luis Gonzalez,11,NA,0.272370487451553,0.3,CF,0.5705,x_359
Roman Quinn,62,NA,0.174309194087982,0.2,CF,0.578,x_360
Michael Hermosillo,38,NA,0.1661177277565,0.2,CF,0.575,x_361
Anthony Alford,148,NA,0.133299931883812,0.1,CF,0.582,x_362
Aaron Hicks,126,NA,0.0838015526533127,0.1,CF,10.785714,x_363
Lewis Brinson,290,NA,-0.168762117624283,-0.2,CF,0.5875,x_364
Magneuris Sierra,225,NA,-0.177347347140312,-0.2,CF,0.571375,x_365
Jake Marisnick,198,NA,-0.203676134347916,-0.2,CF,1,x_366
Jarrod Dyson,149,NA,-0.209743335843086,-0.2,CF,1.5,x_367
Juan Lagares,327,NA,-0.283680498600006,-0.3,CF,1.25,x_368
Skye Bolt,60,NA,-0.508814666420221,-0.5,CF,0.5705,x_369
Shogo Akiyama,183,NA,-0.51483678817749,-0.5,CF,7,x_370
Tim Locastro,156,NA,-0.673978932201862,-0.7,CF,0.5891,x_371
Cody Bellinger,350,NA,-0.793361902236938,-0.8,CF,16.1,x_372
Jackie Bradley Jr.,428,NA,-0.80545437335968,-0.8,CF,6.5,x_373
Daulton Varsho,315,NA,1.9665055274963399,2,CF,0.5705,x_374
Akil Baddoo,461,NA,1.92129182815552,1.9,CF,0.5705,x_375
LaMonte Wade Jr.,381,NA,1.57476270198822,1.6,CF,0.5705,x_376
Tyrone Taylor,271,NA,1.45002472400665,1.5,CF,0.5705,x_377
Jake Meyers,163,NA,1.06426763534546,1.1,CF,0.5705,x_378
Brandon Marsh,260,NA,0.962773859500885,1,CF,0.5705,x_379
Lane Thomas,264,NA,0.539699643850327,0.5,CF,0.5705,x_380
Trayce Thompson,35,NA,0.489261656999588,0.5,CF,0.5705,x_381
Jordan Luplow,193,NA,0.546244218945503,0.5,CF,0.5705,x_382
Estevan Florial,25,NA,0.320851475000381,0.3,CF,0.5705,x_383
Derek Hill,150,NA,0.284872114658356,0.3,CF,0.5705,x_384
Delino DeShields,58,NA,0.28007099032402,0.3,CF,0.5705,x_385
Jake McCarthy,70,NA,0.259503096342087,0.3,CF,0.5705,x_386
Leody Taveras,185,NA,0.0735584124922752,0.1,CF,0.574,x_387
TJ Friedl,36,NA,0.0163734965026379,0,CF,0.5705,x_388
Monte Harrison,11,NA,0.0123575162142515,0,CF,0.5705,x_389
Cody Wilson,1,NA,-0.0235695634037256,0,CF,0.5705,x_390
Josh Palacios,42,NA,-0.0279080662876368,0,CF,0.5705,x_391
Taylor Trammell,178,NA,-0.0597806125879288,-0.1,CF,0.5705,x_392
Braden Bishop,5,NA,-0.0659642592072487,-0.1,CF,0.5705,x_393
Stuart Fairchild,17,NA,-0.0828397423028946,-0.1,CF,0.5705,x_394
Ronnie Dawson,6,NA,-0.087461531162262,-0.1,CF,0.5705,x_395
Scott Hurst,5,NA,-0.0958638489246368,-0.1,CF,0.5705,x_396
Scott Heineman,34,NA,-0.133574619889259,-0.1,CF,0.5705,x_397
Mauricio Dubon,187,NA,-0.138715967535973,-0.1,CF,0.5705,x_398
Jacob Robson,7,NA,-0.176587641239166,-0.2,CF,0.5705,x_399
Adam Haseley,21,NA,-0.198654353618622,-0.2,CF,0.5785,x_400
Johneshwy Fargas,54,NA,-0.201393640134484,-0.2,CF,0.5705,x_401
Nick Heath,39,NA,-0.250389218330383,-0.3,CF,0.5705,x_402
Dustin Fowler,46,NA,-0.253711342811584,-0.3,CF,0.5705,x_403
Mickey Moniak,37,NA,-0.254344969987869,-0.3,CF,0.5705,x_404
Khalil Lee,18,NA,-0.264371991157532,-0.3,CF,0.5705,x_405
Ryan McKenna,197,NA,-0.328324049711227,-0.3,CF,0.5705,x_406
Jared Oliva,43,NA,-0.355373114347458,-0.4,CF,0.5705,x_407
Jonathan Davis,103,NA,-0.389587514102459,-0.4,CF,0.5705,x_408
Luke Raley,72,NA,-0.406531363725662,-0.4,CF,0.5705,x_409
Scott Schebler,34,NA,-0.428423166275024,-0.4,CF,0.5705,x_410
Victor Robles,369,NA,-0.53159236907959,-0.5,CF,0.614,x_411
Jarren Duran,112,NA,-0.542093932628632,-0.5,CF,0.5705,x_412
Gilberto Celestino,62,NA,-0.655440330505371,-0.7,CF,0.5705,x_413
Cristian Pache,68,NA,-0.68172824382782,-0.7,CF,0.5805,x_414
Jarred Kelenic,377,NA,-0.6915123462677,-0.7,CF,0.5705,x_415
Albert Almora Jr.,54,NA,-0.632626473903656,-0.7,CF,1.25,x_416
Bryan De La Cruz,219,NA,0.778517127037048,0.8,CF,0.5705,x_417
Michael A Taylor,528,NA,1.86820459365845,1.9,CF,1.75,x_418
Travis Jankowski,157,NA,0.354955464601517,0.4,CF,0.5705,x_419
Ender Inciarte,89,NA,0.0779279321432114,0.1,CF,8.7,x_420
Scott Kingery,19,NA,-0.342552810907364,-0.3,CF,4.25,x_421
JaCoby Jones,105,NA,-0.977853536605835,-1,CF,2.65,x_422
Liam Hendriks,NA,71,2.68762016296387,2.7,CL,11.333333,x_423
Josh Hader,NA,58.2,2.59376978874207,2.6,CL,6.675,x_424
Ryan Pressly,NA,64,2.43210411071777,2.4,CL,8.75,x_425
Giovanny Gallegos,NA,80.1,2.22315192222595,2.2,CL,0.5945,x_426
Emmanuel Clase,NA,69.2,2.1769061088562,2.2,CL,0.5718,x_427
Scott Barlow,NA,74.1,2.13946509361267,2.1,CL,0.65,x_428
Edwin Diaz,NA,62.2,2.02575302124023,2,CL,7,x_429
Raisel Iglesias,NA,70,2.00942730903625,2,CL,9.125,x_430
Blake Treinen,NA,72.1,1.83542513847351,1.8,CL,8,x_431
Garrett Whitlock,NA,73.1,1.5724048614502,1.6,CL,0.5705,x_432
Taylor Rogers,NA,40.1,1.56563246250153,1.6,CL,6,x_433
Dylan Floro,NA,64,1.49310874938965,1.5,CL,0.975,x_434
Andrew Kittredge,NA,71.2,1.46270906925201,1.5,CL,0.75,x_435
Drew Steckenrider,NA,67.2,1.30549252033234,1.3,CL,0.8,x_436
Lucas Sims,NA,47,1.27926158905029,1.3,CL,0.5985,x_437
Jordan Romano,NA,63,1.17912650108337,1.2,CL,0.584,x_438
David Bednar,NA,60.2,1.1713148355484,1.2,CL,0.579,x_439
Mark Melancon,NA,64.2,1.07749605178833,1.1,CL,4,x_440
Pierce Johnson,NA,58.2,0.833160698413849,0.8,CL,2,x_441
Richard Rodriguez,NA,64.1,0.755996465682983,0.8,CL,1.7,x_442
Chris Stratton,NA,79.1,0.745688796043396,0.7,CL,1.1,x_443
Lou Trivino,NA,73.2,0.628315508365631,0.6,CL,0.9125,x_444
Aroldis Chapman,NA,56.1,0.600248456001282,0.6,CL,17.2,x_445
Carlos Estevez,NA,61.2,0.56706291437149,0.6,CL,1.45,x_446
Gregory Soto,NA,63.2,0.453752279281616,0.5,CL,0.5796,x_447
Will Smith A,NA,68,0.444085508584976,0.4,CL,13,x_448
Rowan Wick,NA,23,0.400740325450897,0.4,CL,0.593,x_449
Camilo Doval,NA,27,0.270208537578583,0.3,CL,0.5705,x_450
JB Wendelken,NA,43.2,0.231660282239318,0.2,CL,0.5805,x_451
Joakim Soria,NA,37.1,0.128232955932617,0.1,CL,3.5,x_452
Kyle Finnegan,NA,66,0.128144919872284,0.1,CL,0.5824,x_453
Hunter Harvey,NA,8.2,0.0806298479437828,0.1,CL,0.574,x_454
Jose Alvarado,NA,55.2,-0.251209229230881,-0.3,CL,1,x_455
Paul Sewald,NA,64.2,1.44368398189545,1.4,CL,0.5705,x_456
Bryan Reynolds,646,NA,5.47444629669189,5.5,LF,0.601,x_457
Tyler O'Neill,537,NA,5.38748407363892,5.4,LF,0.5947,x_458
Teoscar Hernandez,595,NA,3.8916349411010698,3.9,LF,4.325,x_459
Yordan Alvarez,598,NA,3.65049314498901,3.7,LF,0.609,x_460
Randy Arozarena,604,NA,3.29761409759521,3.3,LF,0.5812,x_461
Jesse Winker,485,NA,3.1979706287384,3.2,LF,3.15,x_462
Kyle Schwarber,471,NA,3.06343579292297,3.1,LF,7,x_463
AJ Pollock,422,NA,2.98282504081726,3,LF,18,x_464
JD Martinez,634,NA,2.85873651504517,2.9,LF,19.35,x_465
Dylan Carlson,619,NA,2.76474213600159,2.8,LF,0.5771,x_466
Robbie Grossman,671,NA,2.68187856674194,2.7,LF,5.5,x_467
Giancarlo Stanton,579,NA,2.62755846977234,2.6,LF,29,x_468
Mark Canha,625,NA,2.5887713432312,2.6,LF,6.925,x_469
Austin Hays,529,NA,2.35278940200806,2.4,LF,0.5785,x_470
Andrew Benintendi,538,NA,2.12794280052185,2.1,LF,6.6,x_471
Michael Brantley,508,NA,2.11845541000366,2.1,LF,16,x_472
Austin Meadows,591,NA,2.00598573684692,2,LF,0.5914,x_473
Austin Slater,306,NA,1.75904500484467,1.7,LF,1.15,x_474
Lourdes Gurriel Jr.,541,NA,1.54543805122375,1.5,LF,3.928571,x_475
Christian Yelich,475,NA,1.51779413223267,1.5,LF,14,x_476
Tommy Pham,561,NA,1.49887704849243,1.5,LF,8.9,x_477
Wil Myers,500,NA,1.40585947036743,1.4,LF,22.5,x_478
Brett Gardner,461,NA,1.37844085693359,1.4,LF,2.85,x_479
Andrew McCutchen,574,NA,1.22503554821014,1.2,LF,20,x_480
Adam Engel,140,NA,1.1773077249527,1.2,LF,1.375,x_481
David Peralta,538,NA,1.08641088008881,1,LF,7.5,x_482
Eddie Rosario,412,NA,0.903055548667908,0.9,LF,8,x_483
Corey Dickerson,365,NA,0.75563445687294,0.8,LF,9.5,x_484
Joc Pederson,481,NA,0.551282338798046,0.6,LF,4.5,x_485
Jake Fraley,265,NA,0.468621253967285,0.5,LF,0.5721,x_486
Raimel Tapia,533,NA,0.422694683074951,0.4,LF,1.95,x_487
DJ Stewart,318,NA,0.3912233710289,0.4,LF,0.577,x_488
Justin Upton,362,NA,0.343384653329849,0.3,LF,23,x_489
DJ Peters,240,NA,0.25769529491663,0.3,LF,0.575,x_490
Eloy Jimenez,231,NA,0.242530420422554,0.2,LF,4.333333,x_491
Yadiel Hernandez,289,NA,0.197134673595428,0.2,LF,0.5726,x_492
Alex Dickerson,312,NA,0.166852965950966,0.2,LF,2.1,x_493
Luis Barrera,8,NA,-0.0478471331298351,0,LF,0.5705,x_494
Andrew Stevenson,213,NA,-0.0990243256092072,-0.1,LF,0.5791,x_495
Eli White,220,NA,-0.100867345929146,-0.1,LF,0.5725,x_496
Marcell Ozuna,208,NA,-0.273879170417786,-0.3,LF,16,x_497
Jake Cave,178,NA,-0.327314645051956,-0.3,LF,0.5975,x_498
Khris Davis,114,NA,-0.355396494269371,-0.4,LF,0.5705,x_499
Dominic Smith,493,NA,-0.509171426296234,-0.5,LF,2.55,x_500
Willie Calhoun,284,NA,-0.55516642332077,-0.6,LF,0.593,x_501
Jurickson Profar,412,NA,-0.734329998493195,-0.7,LF,4.333333,x_502
Clint Frazier,218,NA,-0.904082000255585,-0.9,LF,2.1,x_503
Chas McCormick,320,NA,1.89014494419098,1.9,LF,0.5705,x_504
Rafael Ortega,330,NA,1.64335465431213,1.6,LF,0.5705,x_505
Oscar Mercado,238,NA,0.560611307621002,0.6,LF,0.5705,x_506
Pablo Reyes,87,NA,0.393248081207275,0.4,LF,0.5705,x_507
Andrew Vaughn,469,NA,0.304892539978027,0.3,LF,0.5705,x_508
Trevor Larnach,301,NA,0.185409128665924,0.2,LF,0.5705,x_509
Austin Dean,38,NA,0.141281649470329,0.1,LF,0.5831,x_510
Ryan LaMarre,24,NA,0.0361714921891689,0,LF,0.5705,x_511
Dillon Thomas,9,NA,0.0152599038556218,0,LF,0.5705,x_512
John Andreoli,7,NA,0.0132118808105588,0,LF,0.5705,x_513
Mason Williams,37,NA,-0.0231436919420958,0,LF,0.5705,x_514
Brian Miller,11,NA,-0.040192011743784,0,LF,0.5705,x_515
Zach Reks,10,NA,-0.184592485427856,-0.2,LF,0.5705,x_516
Mike Tauchman,191,NA,-0.196137519087642,-0.2,LF,0.6242,x_517
Mark Payton,24,NA,-0.27783527970314,-0.3,LF,0.5705,x_518
Jose Marmolejos,122,NA,-0.341771930456161,-0.3,LF,0.5755,x_519
Ka'ai Tom,133,NA,-0.604073256254196,-0.6,LF,0.5705,x_520
Franchy Cordero,136,NA,-0.75909411907196,-0.8,LF,0.8,x_521
Brent Rooker,213,NA,-0.157881453633308,-0.2,LF,0.5705,x_522
Phil Gosselin,373,NA,0.11147590726614,0.1,LF,0.5705,x_523
Jon Jay,14,NA,-0.0052149640396237,0,LF,0.5705,x_524
Abraham Almonte,175,NA,-0.117962263524532,-0.1,LF,0.5705,x_525
Danny Santana,127,NA,-0.197091311216354,-0.2,LF,0.5705,x_526
Matt Joyce,69,NA,-0.581332206726074,-0.6,LF,0.5705,x_527
Marwin Gonzalez,307,NA,-0.66979606449604,-0.7,LF,3,x_528
David Dahl,220,NA,-0.768124639987946,-0.8,LF,2.7,x_529
Bryce Harper,599,NA,6.63035774230957,6.6,RF,28.038462,x_530
Juan Soto,654,NA,6.62259387969971,6.6,RF,8.5,x_531
Aaron Judge,633,NA,5.48837232589722,5.5,RF,10.175,x_532
Kyle Tucker,567,NA,4.77627229690552,4.8,RF,0.6243,x_533
Ronald Acuna Jr.,360,NA,4.21045541763306,4.2,RF,5,x_534
Nick Castellanos,585,NA,4.16391134262085,4.2,RF,14.075,x_535
Mookie Betts,550,NA,3.88003635406494,3.9,RF,22.5,x_536
Joey Gallo,616,NA,3.53699842095375,3.5,RF,6.2,x_537
Whit Merrifield,720,NA,3.2492880821228,3.2,RF,7.45,x_538
Avisail Garcia,515,NA,2.92137885093689,2.9,RF,10.75,x_539
Mitch Haniger,691,NA,2.82475471496582,2.8,RF,3.01,x_540
Adam Duvall,555,NA,2.38152426481247,2.4,RF,2,x_541
Mike Yastrzemski,532,NA,2.24892020225525,2.2,RF,0.6,x_542
Nelson Cruz,584,NA,1.96263499557972,2,RF,13,x_543
Max Kepler,490,NA,1.85748612880707,1.9,RF,6.5,x_544
Hunter Renfroe,572,NA,1.81738603115082,1.8,RF,3.7,x_545
Brett Phillips,292,NA,1.81043815612793,1.8,RF,0.5844,x_546
Charlie Blackmon,582,NA,1.47504436969757,1.5,RF,21.333333,x_547
Tyler Naquin,454,NA,1.37720310688019,1.4,RF,1.5,x_548
Manuel Margot,464,NA,1.36651146411896,1.4,RF,3.4,x_549
Franmil Reyes,466,NA,1.34328758716583,1.3,RF,0.6024,x_550
Garrett Cooper,250,NA,1.09064900875092,1.1,RF,1.9,x_551
Michael Conforto,479,NA,0.808672845363617,0.8,RF,12.25,x_552
Anthony Santander,438,NA,0.64994078874588,0.6,RF,2.1,x_553
Jesus Sanchez,251,NA,0.615991115570068,0.6,RF,0.575,x_554
Yonathan Daza,331,NA,0.54640257358551,0.5,RF,0.5725,x_555
Greg Allen,48,NA,0.500243723392487,0.5,RF,0.5705,x_556
Randal Grichuk,545,NA,0.432990700006485,0.4,RF,10.333333,x_557
Billy McKinney,300,NA,0.310142513364553,0.3,RF,0.5781,x_558
Pavin Smith,545,NA,0.307401686906815,0.3,RF,0.5866,x_559
Jason Heyward,353,NA,0.272042810916901,0.3,RF,23.5,x_560
Victor Reyes,220,NA,0.264901101589203,0.3,RF,0.5871,x_561
Brian Goodwin,271,NA,0.163128316402435,0.2,RF,1,x_562
Aristides Aquino,204,NA,0.0677969455718994,0.1,RF,0.579,x_563
Harold Ramirez,361,NA,0.0472937561571598,0,RF,0.587,x_564
Kole Calhoun,182,NA,-0.0122710531577468,0,RF,8,x_565
Dexter Fowler,21,NA,-0.0631415024399757,-0.1,RF,16.5,x_566
Jorge Soler,602,NA,-0.165242910385132,-0.2,RF,8.25,x_567
Gerardo Parra,107,NA,-0.402649849653244,-0.4,RF,1,x_568
Josh Naylor,250,NA,-0.553907692432404,-0.6,RF,0.5775,x_569
Stephen Piscotty,188,NA,-0.600130379199982,-0.6,RF,7.583333,x_570
Lars Nootbaar,124,NA,0.588388442993164,0.6,RF,0.5705,x_571
Kyle Isbel,83,NA,0.370531439781189,0.4,RF,0.5705,x_572
Jose Siri,49,NA,0.298053205013275,0.3,RF,0.5705,x_573
Kyle Garlick,107,NA,0.237918004393578,0.2,RF,0.5705,x_574
Daniel Johnson,81,NA,0.130662426352501,0.1,RF,0.5705,x_575
Jo Adell,140,NA,0.112726181745529,0.1,RF,0.5705,x_576
Edward Olivares,111,NA,0.0854043513536453,0.1,RF,0.5705,x_577
Patrick Kivlehan,8,NA,0.0544312112033367,0.1,RF,0.5705,x_578
Derek Fisher,8,NA,0.022347167134285,0,RF,0.5821,x_579
Corey Ray,3,NA,-0.0123073868453503,0,RF,0.5705,x_580
Trey Amburgey,4,NA,-0.071853332221508,-0.1,RF,0.5705,x_581
Jared Hoying,3,NA,-0.0729826986789703,-0.1,RF,0.5705,x_582
Jaylin Davis,9,NA,-0.0886179581284523,-0.1,RF,0.5705,x_583
Daz Cameron,115,NA,-0.100415177643299,-0.1,RF,0.5705,x_584
Brian O'Grady,61,NA,-0.110058009624481,-0.1,RF,0.65,x_585
Troy Stokes Jr.,20,NA,-0.149766400456429,-0.1,RF,0.5705,x_586
Nick Williams,13,NA,-0.185873627662659,-0.2,RF,0.5705,x_587
Jorge Bonifacio,12,NA,-0.207879528403282,-0.2,RF,0.5705,x_588
Josh Reddick,158,NA,-0.152915462851524,-0.2,RF,0.5705,x_589
Steven Souza Jr.,36,NA,-0.249019369482994,-0.2,RF,0.5705,x_590
Henry Ramos,55,NA,-0.280051589012146,-0.3,RF,0.5705,x_591
Cameron Maybin,33,NA,-0.356669455766678,-0.4,RF,0.5705,x_592
Greg Deichmann,31,NA,-0.364198952913284,-0.4,RF,0.5705,x_593
Justin Williams,137,NA,-0.790920853614807,-0.8,RF,0.572,x_594
Alex Kirilloff,231,NA,0.255544900894165,0.3,RF,0.5705,x_595
Rob Refsnyder,157,NA,-0.0010471394052729,0,RF,0.5705,x_596
Adam Eaton,288,NA,-0.306896656751633,-0.3,RF,7,x_597
Nomar Mazara,181,NA,-0.541816592216492,-0.5,RF,1.75,x_598
Gregory Polanco,382,NA,-1.15669798851013,-1.2,RF,11.6,x_599
Jonathan Loaisiga,NA,70.2,2.39723706245422,2.4,RP,0.5958,x_600
Craig Kimbrel,NA,59.2,2.18286295048892,2.2,RP,16,x_601
Collin McHugh,NA,64,1.83111417293549,1.8,RP,1.8,x_602
Kenley Jansen,NA,69,1.80592632293701,1.8,RP,20,x_603
Huascar Ynoa,NA,91,1.41180527210236,1.8,RP,0.5805,x_604
Ryan Tepera,NA,61.1,1.61796998977661,1.6,RP,1.75,x_605
Chad Green,NA,83.2,1.61004424095154,1.6,RP,2.15,x_606
Aaron Loup,NA,56.2,1.60049653053284,1.6,RP,3.25,x_607
Michael Fulmer,NA,69.2,1.56398320198059,1.6,RP,3.1,x_608
Cole Sulser,NA,63.1,1.47821247577667,1.5,RP,0.5745,x_609
Drew Rasmussen,NA,76,1.4404297247529,1.5,RP,0.573,x_610
Lucas Luetge,NA,72.1,1.46986067295074,1.5,RP,0.6,x_611
Andrew Chafin,NA,68.2,1.43333002924919,1.4,RP,2.75,x_612
Devin Williams,NA,54,1.37650728225708,1.4,RP,0.6811,x_613
Garrett Crochet,NA,54.1,1.34930074214935,1.3,RP,0.572,x_614
AJ Minter,NA,52.1,1.29109275341034,1.3,RP,1.3,x_615
Matt Barnes,NA,54.2,1.26027488708496,1.3,RP,4.5,x_616
Tyler Rogers,NA,81,1.25967252254486,1.3,RP,0.583,x_617
Aaron Bummer,NA,56.1,1.21142709255219,1.2,RP,2,x_618
Genesis Cabrera,NA,70,1.14006125926971,1.1,RP,0.5809,x_619
Adam Cimber,NA,71.2,1.15010532736778,1.1,RP,0.925,x_620
Jose Alvarez,NA,64.2,1.02236449718475,1.1,RP,1.05,x_621
Casey Sadler,NA,40.1,1.10384106636047,1.1,RP,0.5918,x_622
Jake McGee,NA,59.2,1.10295474529266,1.1,RP,2,x_623
Kendall Graveman,NA,56,1.0871199965477,1.1,RP,1.75,x_624
Matt Wisler,NA,48.2,1.09456780925393,1.1,RP,1.2,x_625
Tyler Matzek,NA,63,1.07282638549805,1.1,RP,0.6005,x_626
Clay Holmes,NA,70,1.07223790884018,1.1,RP,0.65,x_627
Daniel Hudson,NA,51.2,1.05143171548843,1.1,RP,6,x_628
Josh Taylor,NA,47.2,1.02033042907715,1,RP,0.5805,x_629
Garrett Richards,NA,136.2,0.959464192390442,1,RP,9.5,x_630
Richard Bleier,NA,58,1.00121521949768,1,RP,1.425,x_631
Josh Staumont,NA,65.2,0.983989298343658,1,RP,0.5887,x_632
Pete Fairbanks,NA,42.2,0.965084612369537,1,RP,0.5838,x_633
Jesse Chavez,NA,33.2,0.96796071529388406,0.9,RP,0.5705,x_634
Tim Mayza,NA,53,0.929794907569885,0.9,RP,0.6,x_635
Jimmy Nelson,NA,29,0.954794704914093,0.9,RP,1.25,x_636
Luis Cessa,NA,64.2,0.898157715797424,0.9,RP,1.05,x_637
Dominic Leone,NA,53.2,0.895706117153168,0.9,RP,0.5705,x_638
Caleb Thielbar,NA,64,0.861824572086334,0.9,RP,0.7,x_639
Steve Cishek,NA,68.1,0.858179748058319,0.9,RP,1,x_640
Brad Boxberger,NA,64.2,0.812393844127655,0.8,RP,1,x_641
Tejay Antone,NA,33.2,0.779633462429047,0.8,RP,0.5805,x_642
Brooks Raley,NA,49,0.7882120013237,0.8,RP,2,x_643
Craig Stammen,NA,88.1,0.75873875617981,0.8,RP,4.5,x_644
Tyler Duffey,NA,62.1,0.763755738735199,0.8,RP,2.2,x_645
Tony Watson,NA,57.1,0.770868048071861,0.8,RP,1,x_646
Connor Brogdon,NA,57.2,0.742019057273865,0.7,RP,0.5715,x_647
Codi Heuer,NA,67.1,0.739265069365501,0.7,RP,0.585,x_648
Mike Mayers,NA,75,0.738194465637207,0.7,RP,1.2,x_649
Michael King,NA,63.1,0.710551738739014,0.7,RP,0.5865,x_650
Reynaldo Lopez,NA,57.2,0.685129821300507,0.7,RP,2.1,x_651
Diego Castillo,NA,58.1,0.676254294812679,0.7,RP,0.5823,x_652
Joe Kelly,NA,44,0.702547132968903,0.7,RP,8.5,x_653
Phil Maton,NA,66.2,0.667823471128941,0.7,RP,0.975,x_654
Luke Jackson,NA,63.2,0.649638772010803,0.6,RP,1.9,x_655
Ryan Thompson,NA,34,0.647052943706512,0.6,RP,0.5772,x_656
Joely Rodriguez,NA,46.1,0.618179738521576,0.6,RP,2.5,x_657
John King,NA,46,0.590927183628082,0.6,RP,0.5725,x_658
Daniel Bard,NA,65.2,0.519574761390686,0.6,RP,2.925,x_659
Jose Cisnero,NA,61.2,0.589164912700653,0.6,RP,0.97,x_660
Corey Knebel,NA,25.2,0.599852979183197,0.6,RP,5.25,x_661
Brett Martin,NA,62.1,0.574905753135681,0.6,RP,0.5895,x_662
Hector Neris,NA,74.1,0.555347621440887,0.5,RP,5.02,x_663
Martin Perez,NA,114,0.565661549568176,0.5,RP,4.5,x_664
Robert Stephenson,NA,46,0.516337513923645,0.5,RP,0.805,x_665
Adam Ottavino,NA,62,0.510701835155487,0.5,RP,7.225044,x_666
Jose Ruiz,NA,65,0.500965237617493,0.5,RP,0.575,x_667
Trevor May,NA,62.2,0.487431615591049,0.5,RP,8,x_668
Jake Junis,NA,39.1,0.49814385175705,0.5,RP,1.7,x_669
Phil Bickford,NA,51.1,0.435113519430161,0.5,RP,0.5705,x_670
Brent Suter,NA,73.1,0.51174408197403,0.5,RP,1.55,x_671
Chris Martin,NA,43.1,0.465713083744049,0.5,RP,7,x_672
Drew Pomeranz,NA,25.2,0.459659963846207,0.5,RP,8,x_673
Anthony Misiewicz,NA,54.2,0.458558410406113,0.5,RP,0.5787,x_674
Ryne Stanek,NA,68.1,0.449041724205017,0.4,RP,1.1,x_675
Sam Coonrod,NA,42.1,0.457572251558304,0.4,RP,0.573,x_676
Dillon Tate,NA,67.2,0.418600499629974,0.4,RP,0.5745,x_677
Deolis Guerra,NA,65.2,0.412490487098694,0.4,RP,0.5705,x_678
Rafael Montero,NA,49.1,0.397904917597771,0.4,RP,2.25,x_679
Jarlin Garcia,NA,68.2,0.407729655504227,0.4,RP,0.95,x_680
David Phelps,NA,10.1,0.385496586561203,0.4,RP,1.75,x_681
Yimi Garcia,NA,57.2,0.383271358907223,0.4,RP,1.9,x_682
Joel Payamps,NA,50.1,0.374625876545906,0.4,RP,0.58,x_683
Tanner Scott,NA,54,0.368559062480927,0.4,RP,0.58,x_684
Sean Doolittle,NA,49.2,0.368409238755703,0.4,RP,1.5,x_685
Seth Lugo,NA,46.1,0.368758410215378,0.4,RP,2.925,x_686
Joe Smith,NA,39.2,0.35651808232069,0.4,RP,4,x_687
Derek Holland,NA,49.2,0.347137957811356,0.3,RP,0.925,x_688
JT Chargois,NA,53.2,0.330441281199455,0.3,RP,0.5705,x_689
John Gant,NA,110,0.51653463393449806,0.3,RP,2.1,x_690
Hunter Strickland,NA,58.2,0.345148399472237,0.3,RP,1,x_691
Zack Littell,NA,61.2,0.271939814090729,0.3,RP,0.5705,x_692
Jorge Alcala,NA,59.2,0.301154434680939,0.3,RP,0.5755,x_693
Trevor Richards,NA,64.1,0.252576649188995,0.3,RP,0.5809,x_694
Jake Woodford,NA,67.2,0.341662853956223,0.3,RP,0.5783,x_695
Josh Sborz,NA,59,0.297261208295822,0.3,RP,0.5735,x_696
Ryan Helsley,NA,47.1,0.276043921709061,0.3,RP,0.5823,x_697
Brusdar Graterol,NA,33.1,0.294969201087952,0.3,RP,0.5905,x_698
Heath Hembree,NA,58,0.272473216056824,0.3,RP,1.25,x_699
TJ McFarland,NA,38.2,0.252638190984726,0.3,RP,1,x_700
Austin Adams,NA,52.2,0.250122100114822,0.3,RP,0.5802,x_701
Blake Parker,NA,43.2,0.249207451939583,0.2,RP,2.5,x_702
JP Feyereisen,NA,56,0.245941966772079,0.2,RP,0.5724,x_703
Archie Bradley,NA,51,0.252217352390289,0.2,RP,6,x_704
Cody Stashak,NA,15.2,0.233281508088112,0.2,RP,0.576,x_705
Jeffrey Springs,NA,44.2,0.230855107307434,0.2,RP,0.585,x_706
Alex Vesia,NA,40,0.21447366476059,0.2,RP,0.5705,x_707
Sergio Romo,NA,61.2,0.208860859274864,0.2,RP,2.5,x_708
James Karinchak,NA,55.1,0.204676076769829,0.2,RP,0.585,x_709
Jordan Sheffield,NA,29.1,0.199322611093521,0.2,RP,0.5705,x_710
Justin Bruihl,NA,18.2,0.148718863725662,0.2,RP,0.5705,x_711
Tyler Kinley,NA,70.1,0.194441139698029,0.2,RP,0.5805,x_712
Wandy Peralta,NA,51,0.190881662070751,0.2,RP,0.925,x_713
John Curtiss,NA,44.1,0.2439846098423,0.2,RP,0.615,x_714
Tommy Hunter,NA,8,0.122687697410583,0.2,RP,2.25,x_715
Alex Colome,NA,65,0.149350017309189,0.1,RP,5,x_716
Alexander Reyes,NA,72.1,0.153344690799713,0.1,RP,0.9,x_717
Mychal Givens,NA,51,0.138164466246963,0.1,RP,4.05,x_718
Austin Davis,NA,26.1,0.0868489723652601,0.1,RP,0.588,x_719
Matthew Strahm,NA,6.2,0.130287900567055,0.1,RP,2.05,x_720
Hansel Robles,NA,69,0.129690438508987,0.1,RP,2.075,x_721
Jason Adam,NA,10.2,0.123022645711899,0.1,RP,0.5925,x_722
Chris Mazza,NA,27.1,0.121777474880219,0.1,RP,0.5705,x_723
Taylor Hearn,NA,104.1,0.1108353510499,0.1,RP,0.5825,x_724
Cristopher Sanchez,NA,12.2,0.108345344662666,0.1,RP,0.5705,x_725
Blake Taylor,NA,42.2,0.0899680182337761,0.1,RP,0.5991,x_726
Evan Phillips,NA,13.1,0.122017659246922,0.1,RP,0.5705,x_727
Evan Marshall,NA,27.1,0.0892547890543938,0.1,RP,2,x_728
Adam Conley,NA,19.2,0.0864934548735619,0.1,RP,0.5705,x_729
Jacob Webb,NA,34.1,0.102898813784122,0.1,RP,0.5705,x_730
Ervin Santana,NA,65.1,0.0708489567041397,0.1,RP,1.5,x_731
Nabil Crismatt,NA,81.1,0.188813850283623,0.1,RP,0.585,x_732
Miguel Castro,NA,70.1,0.0639353916049004,0.1,RP,1.6875,x_733
Jhoulys Chacin,NA,64.1,0.154167130589485,0.1,RP,1,x_734
Robert Gsellman,NA,28.2,0.0593864321708679,0.1,RP,1.3,x_735
Jay Jackson,NA,21.2,0.0587356612086296,0,RP,0.5705,x_736
Will Harris,NA,6,0.0438581109046936,0,RP,8,x_737
Drew Smith,NA,41.1,0.0514562241733074,0,RP,0.5745,x_738
Ian Kennedy,NA,56.1,0.0378538370132446,0,RP,2.15,x_739
Justin Lawrence,NA,16.2,0.0355380028486252,0,RP,0.5705,x_740
Edgar Santana,NA,42.2,0.0449025556445122,0,RP,0.5705,x_741
Dennis Santana,NA,54.2,0.0529632121324539,0,RP,0.575,x_742
Josh Tomlin,NA,49.1,-0.0774508565664291,0,RP,1,x_743
Seranthony Dominguez,NA,1,0.0271239764988422,0,RP,0.7275,x_744
Chaz Roe,NA,0.2,0.0255859140306711,0,RP,1.15,x_745
Austin Voth,NA,57.1,-0.0730080455541611,0,RP,0.5877,x_746
DJ Johnson,NA,4.1,0.0239293202757835,0,RP,0.5705,x_747
Grant Dayton,NA,13,0.018601855263114,0,RP,0.9,x_748
Andre Jackson,NA,11.2,0.0595818683505058,0,RP,0.5705,x_749
Jordan Hicks,NA,10,0.0125073669478297,0,RP,0.8625,x_750
Tyler Beede,NA,1,0.0120105864480138,0,RP,0.575,x_751
Pedro Baez,NA,4.1,0.0070047159679234,0,RP,4.75,x_752
Jeurys Familia,NA,59.1,-0.00269555603154,0,RP,11.666668,x_753
Yusmeiro Petit,NA,78,-0.0042049693875014,0,RP,3,x_754
Dellin Betances,NA,1,-0.0171100553125143,0,RP,6,x_755
Darren O'Day,NA,10.2,-0.0198615007102489,0,RP,1.75,x_756
Andres Munoz,NA,0.2,-0.0210934542119503,0,RP,0.575,x_757
John Axford,NA,0.1,-0.0328001715242863,0,RP,1,x_758
Scott Alexander,NA,15.1,-0.0329077765345573,0,RP,1,x_759
Dylan Lee,NA,2,-0.035679753869772,0,RP,0.5705,x_760
Paul Blackburn,NA,38.1,-0.0422540381550789,0,RP,0.5705,x_761
Hunter Wood,NA,5,-0.0435009375214577,0,RP,0.5705,x_762
Junior Guerra,NA,65.1,-0.0260817464441061,0,RP,0.75,x_763
Sam Moll,NA,10.1,-0.0529222972691059,-0.1,RP,0.5705,x_764
Luis Avilan,NA,5,-0.0568906180560589,-0.1,RP,0.95,x_765
Daniel Norris,NA,57,-0.0349661707878113,-0.1,RP,3.475,x_766
Andrew Miller,NA,36,-0.0606475695967674,-0.1,RP,12,x_767
Brad Hand,NA,64.2,-0.0656328052282333,-0.1,RP,10.5,x_768
Jake Diekman,NA,60.2,-0.0556196644902229,-0.1,RP,4,x_769
Dan Altavilla,NA,1.1,-0.0688520520925522,-0.1,RP,0.85,x_770
Bryan Shaw,NA,77.1,-0.0697419866919518,-0.1,RP,2.45,x_771
Ryan Brasier,NA,12,-0.0734778121113777,-0.1,RP,1.25,x_772
Amir Garrett,NA,47.2,-0.0758931115269661,-0.1,RP,1.5,x_773
Tyler Clippard,NA,25.1,-0.0890981629490852,-0.1,RP,1.75,x_774
Keone Kela,NA,10.2,-0.0896762385964394,-0.1,RP,1.2,x_775
Chasen Shreve,NA,56.1,-0.0969477221369743,-0.1,RP,1.5,x_776
Sam Selman,NA,25,-0.0944506954401731,-0.1,RP,0.583,x_777
Cody Reed,NA,9.2,-0.112512096762657,-0.1,RP,0.5812,x_778
Phillips Valdez,NA,40,-0.118225991725922,-0.1,RP,0.5785,x_779
Kyle Cody,NA,11.1,-0.121851876378059,-0.1,RP,0.5735,x_780
Spencer Strider,NA,2.1,-0.0995860770344734,-0.1,RP,0.5705,x_781
Domingo Acevedo,NA,11,-0.126679465174675,-0.1,RP,0.5705,x_782
Jimmie Sherfy,NA,15,-0.116770341992378,-0.1,RP,0.5705,x_783
Sam Howard,NA,45,-0.141102731227875,-0.1,RP,0.575,x_784
Matt Foster,NA,39,-0.141753226518631,-0.1,RP,0.585,x_785
Rony Garcia,NA,3.2,-0.134523525834084,-0.1,RP,0.575,x_786
Kyle Zimmer,NA,54,-0.159046277403831,-0.2,RP,0.5887,x_787
Joe Jimenez,NA,45.1,-0.162691503763199,-0.2,RP,1.5,x_788
Justin Topa,NA,3.1,-0.174378290772438,-0.2,RP,0.573,x_789
Greg Holland,NA,55.2,-0.186869367957115,-0.2,RP,3.75,x_790
Cody Ponce,NA,38.1,-0.125404417514801,-0.2,RP,0.5805,x_791
Chris Devenski,NA,7.1,-0.20499961078167,-0.2,RP,1,x_792
Darwinzon Hernandez,NA,40,-0.205121457576752,-0.2,RP,0.5785,x_793
Nick Anderson,NA,6,-0.208646699786186,-0.2,RP,0.5878,x_794
Tim Hill,NA,59.2,-0.210239499807358,-0.2,RP,0.596,x_795
Justin Wilson,NA,34,-0.222599804401398,-0.2,RP,2.85,x_796
Zack Britton,NA,18.1,-0.2288448959589,-0.2,RP,13,x_797
Randy Dobnak,NA,50.2,-0.231382489204407,-0.2,RP,0.7,x_798
Matt Bush,NA,4,-0.235888361930847,-0.2,RP,0.68,x_799
Rex Brothers,NA,53,-0.213378325104713,-0.2,RP,0.85,x_800
Hirokazu Sawamura,NA,53,-0.266104102134705,-0.3,RP,1.6,x_801
Chad Kuhl,NA,80.1,-0.14197763800621,-0.3,RP,2.13,x_802
Wade Davis,NA,42.2,-0.276411473751068,-0.3,RP,1.25,x_803
Kyle Barraclough,NA,13,-0.295443177223206,-0.3,RP,0.5705,x_804
Julian Merryweather,NA,13,-0.311608135700226,-0.3,RP,0.5784,x_805
Adam Morgan,NA,25.1,-0.314487785100937,-0.3,RP,0.9,x_806
Jacob Barnes,NA,28.2,-0.314867049455643,-0.3,RP,0.75,x_807
Nick Wittgren,NA,62.1,-0.316477358341217,-0.3,RP,2,x_808
Tanner Rainey,NA,31.2,-0.341852307319641,-0.3,RP,0.589,x_809
Jesse Hahn,NA,3.1,-0.35127666592598,-0.4,RP,1.35,x_810
Matt Moore,NA,73,-0.158409774303436,-0.4,RP,3,x_811
Anthony Bass,NA,61.1,-0.390161961317062,-0.4,RP,1,x_812
Kevin Ginkel,NA,28.1,-0.405420988798141,-0.4,RP,0.5859,x_813
Emilio Pagan,NA,63.1,-0.399186849594116,-0.4,RP,1.57,x_814
JoJo Romero,NA,9,-0.443596363067627,-0.4,RP,0.5705,x_815
Yency Almonte,NA,47.2,-0.486522108316422,-0.5,RP,0.5755,x_816
Bryan Garcia,NA,39.1,-0.886265337467194,-0.9,RP,0.5766,x_817
Michael Kopech,NA,69.1,1.69052910804749,1.7,RP,0.5705,x_818
Paolo Espino,NA,109.2,1.14922082424164,1.2,RP,0.5705,x_819
Tyler Wells,NA,57,0.947070479393005,0.9,RP,0.5705,x_820
Austin Warren,NA,20.1,0.749767065048218,0.7,RP,0.5705,x_821
Joe Mantiply,NA,39.2,0.694071292877197,0.7,RP,0.5705,x_822
Paul Fry,NA,47.1,0.630249202251434,0.6,RP,0.581,x_823
Nick Sandlin,NA,33.2,0.618631064891815,0.6,RP,0.5705,x_824
Dietrich Enns,NA,22.1,0.592721164226532,0.6,RP,0.5705,x_825
Taylor Clarke,NA,43.1,0.533252418041229,0.6,RP,0.6018,x_826
Art Warren,NA,21,0.555327653884888,0.6,RP,0.5705,x_827
Noe Ramirez,NA,36,0.545733094215393,0.5,RP,0.5705,x_828
Chris Rodriguez,NA,29.2,0.533743500709534,0.5,RP,0.5705,x_829
Domingo Tapia,NA,33.2,0.515855084173381,0.5,RP,0.5705,x_830
Jose Quijada,NA,25.2,0.485580623149872,0.5,RP,0.5705,x_831
Louis Head,NA,35,0.449289619922638,0.4,RP,0.5705,x_832
Erik Swanson,NA,35.1,0.432218670845032,0.4,RP,0.5705,x_833
Sam Hentges,NA,68.2,0.442280799150467,0.4,RP,0.5705,x_834
Mitch White,NA,46.2,0.530055582523346,0.4,RP,0.5705,x_835
Conner Greene,NA,25.1,0.40225513651967,0.4,RP,0.5705,x_836
Aaron Ashby,NA,31.2,0.366372853517532,0.4,RP,0.5705,x_837
Tyler Gilbert,NA,40,0.5148646235466,0.4,RP,0.5705,x_838
Brad Wieck,NA,17,0.379596292972565,0.4,RP,0.5705,x_839
Kodi Whitley,NA,25.1,0.369141280651093,0.4,RP,0.5705,x_840
Kervin Castro,NA,13.1,0.361135065555573,0.4,RP,0.5705,x_841
Hector Santiago,NA,26.1,0.344037979841232,0.3,RP,0.5705,x_842
Kyle Funkhouser,NA,68.1,0.340728223323822,0.3,RP,0.5705,x_843
Humberto Castellanos,NA,45.2,0.105548426508904,0.3,RP,0.5705,x_844
Jimmy Herget,NA,18.2,0.286437131464481,0.3,RP,0.5705,x_845
Jake Brentz,NA,64,0.238376185297966,0.3,RP,0.5705,x_846
Danny Coulombe,NA,34.1,0.293052405118942,0.3,RP,0.5705,x_847
Sean Newcomb,NA,32.1,0.299395322799683,0.3,RP,0.6005,x_848
Bailey Falter,NA,33.2,0.325964152812958,0.3,RP,0.5705,x_849
Brandon Bielak,NA,50,0.248379588127136,0.2,RP,0.599,x_850
Jake Faria,NA,32.2,0.176051110029221,0.2,RP,0.5705,x_851
Zach Pop,NA,54.2,0.26294994354248,0.2,RP,0.5705,x_852
Ryan Burr,NA,36.2,0.23414920270443,0.2,RP,0.5705,x_853
Tayler Saucedo,NA,25.2,0.222283914685249,0.2,RP,0.5705,x_854
Anthony Castro,NA,24.2,0.220875531435013,0.2,RP,0.5705,x_855
Cesar Valdez,NA,46,0.218817323446274,0.2,RP,0.5765,x_856
Sean Reid-Foley,NA,20.2,0.116000294685364,0.2,RP,0.5705,x_857
Dylan Coleman,NA,6.1,0.206484526395798,0.2,RP,0.5705,x_858
Sean Poppen,NA,22.2,0.198951579630375,0.2,RP,0.5705,x_859
Richard Lovelady,NA,20.2,0.186303302645683,0.2,RP,0.5705,x_860
Anthony Gose,NA,6.2,0.179186537861824,0.2,RP,0.5705,x_861
Jose De Leon,NA,18.1,0.145477771759033,0.2,RP,0.5705,x_862
Stephen Ridings,NA,5,0.176765128970146,0.2,RP,0.5705,x_863
Gabe Speier,NA,7.2,0.176129966974258,0.2,RP,0.5705,x_864
Scott Effross,NA,14.2,0.186547815799713,0.2,RP,0.5705,x_865
Connor Overton,NA,15.1,0.110993690788746,0.2,RP,0.5705,x_866
Jake Cousins,NA,30,0.172060295939445,0.2,RP,0.5705,x_867
Andrew Wantz,NA,27.1,0.162762030959129,0.2,RP,0.5705,x_868
Ronald Bolanos,NA,6.1,0.162417635321617,0.2,RP,0.5705,x_869
Jake Reed,NA,10,0.170395976863801,0.2,RP,0.5705,x_870
Conner Menez,NA,14,0.154312238097191,0.2,RP,0.5705,x_871
Gabe Klobosits,NA,11.1,0.152119353413582,0.2,RP,0.5705,x_872
Fernando Abad,NA,17.2,0.147422298789024,0.1,RP,0.5705,x_873
AJ Puk,NA,13.1,0.146771714091301,0.1,RP,0.5705,x_874
Andrew Vasquez,NA,1.2,0.145380333065987,0.1,RP,0.5705,x_875
Kirby Snead,NA,7.2,0.135827392339706,0.1,RP,0.5705,x_876
Corey Oswalt,NA,10.1,0.152552947402,0.1,RP,0.5705,x_877
Nick Nelson,NA,14.1,0.130480870604515,0.1,RP,0.57515,x_878
Peter Solomon,NA,14,0.128774747252464,0.1,RP,0.5705,x_879
Steven Okert,NA,36,0.137657523155212,0.1,RP,0.5705,x_880
Will Vest,NA,35,0.114268220961094,0.1,RP,0.5705,x_881
Edwin Uceta,NA,20.1,0.0888300389051437,0.1,RP,0.5705,x_882
John Schreiber,NA,3,0.103718221187592,0.1,RP,0.5705,x_883
Tommy Milone,NA,14,0.103159703314304,0.1,RP,0.709632,x_884
Ryan Sherriff,NA,14.2,0.0968549102544785,0.1,RP,0.5748,x_885
Bryan Abreu,NA,36,0.0902998894453049,0.1,RP,0.5741,x_886
Miguel Del Pozo,NA,5.1,0.0895598828792572,0.1,RP,0.5705,x_887
Victor Gonzalez,NA,35.1,0.0893628299236298,0.1,RP,0.5805,x_888
Alex Lange,NA,35.2,0.0846273228526115,0.1,RP,0.5705,x_889
Ian Krol,NA,18.2,0.0840340480208397,0.1,RP,0.5705,x_890
Duane Underwood Jr.,NA,72.2,0.12813338637352,0.1,RP,0.5705,x_891
Dusten Knight,NA,8.2,0.0821745991706848,0.1,RP,0.5705,x_892
Kyle McGowin,NA,30,0.0901748612523079,0.1,RP,0.5705,x_893
Jordan Holloway,NA,36,0.111797697842121,0.1,RP,0.5705,x_894
David Robertson,NA,12,0.0748412162065506,0.1,RP,0.5705,x_895
Francisco Perez,NA,6.2,0.0743188410997391,0.1,RP,0.5705,x_896
AJ Cole,NA,8,0.0729419067502022,0.1,RP,1,x_897
Bryan Mitchell,NA,4,0.0717631876468658,0.1,RP,0.5705,x_898
Ivan Castillo,4,NA,0.0703753679990768,0.1,RP,0.575,x_899
James Norwood,NA,5,0.0639435946941376,0.1,RP,0.5705,x_900
Caleb Baragar,NA,23,0.0852596685290337,0.1,RP,0.583,x_901
Eduard Bazardo,NA,3,0.0539567023515701,0.1,RP,0.5705,x_902
Miguel Aguilar,NA,7,0.0506838485598564,0.1,RP,0.5705,x_903
Ben Bowden,NA,35.2,0.0462403520941734,0,RP,0.5705,x_904
Daniel Camarena,NA,9.1,-0.0885348245501518,0,RP,0.5705,x_905
Blaine Hardy,NA,1,0.0412146560847759,0,RP,0.5705,x_906
James Hoyt,NA,8,0.040493905544281,0,RP,0.5705,x_907
Stephen Gonsalves,NA,4.1,0.0383896753191948,0,RP,0.5705,x_908
Matt Peacock,NA,86.1,-0.135400488972664,0,RP,0.5705,x_909
Josh James,NA,5,0.0343172438442707,0,RP,0.602,x_910
Bryan Baker,NA,1,0.0314260721206665,0,RP,0.5705,x_911
Nick Ramirez,NA,20.1,0.0609863325953484,0,RP,0.5705,x_912
Tanner Anderson,NA,5,0.0490919910371304,0,RP,0.5705,x_913
Alex McRae,NA,2,0.0239131525158882,0,RP,0.5705,x_914
Sean Nolin,NA,26.2,0.0906022489070892,0,RP,0.5705,x_915
JD Hammer,NA,20,0.0320003889501095,0,RP,0.5705,x_916
Jason Martin,154,NA,0.020326865836978,0,RP,0.5895,x_917
Andres Machado,NA,35.2,0.0201607756316662,0,RP,0.5705,x_918
Angel Rondon,NA,2,0.0201483760029078,0,RP,0.5705,x_919
Seth Martinez,NA,3,0.014833371154964,0,RP,0.5705,x_920
Kevin Quackenbush,NA,0.1,0.0143960071727633,0,RP,0.5705,x_921
Reymin Guduan,NA,14.1,0.0089611103758215,0,RP,0.5705,x_922
Yefry Ramirez,NA,2,0.019171392545104,0,RP,0.5705,x_923
Nick Allgeyer,NA,1,0.0066688656806945,0,RP,0.5705,x_924
Wyatt Mills,NA,12.2,0.0057233874686062,0,RP,0.5705,x_925
Joey Krehbiel,NA,8.1,0.0050910925492644,0,RP,0.5705,x_926
Kyle Dohy,NA,1,0.0021715564653277,0,RP,0.5705,x_927
Jonathan Stiever,NA,0,0,0,RP,0.5705,x_928
Stephen Tarpley,NA,0,0,0,RP,0.5705,x_929
Bernardo Flores Jr.,NA,0,0,0,RP,0.5705,x_930
Brandon Brennan,NA,3,-0.0032871612347662,0,RP,0.5705,x_931
Carson Fulmer,NA,25.2,0.0192255899310112,0,RP,0.5875,x_932
Raynel Espinal,NA,2,-0.0045794751495122,0,RP,0.5705,x_933
Oliver Ortega,NA,9.1,-0.0060266121290624,0,RP,0.5705,x_934
Akeem Bostick,NA,1,-0.011944386176765,0,RP,0.5705,x_935
Isaac Mattson,NA,4.1,-0.0125613017007709,0,RP,0.5705,x_936
Yacksel Rios,NA,27.1,-0.0131931395735592,0,RP,0.5705,x_937
Mike Wright Jr.,NA,18,-0.0042825187556445,0,RP,0.5705,x_938
Brody Koerner,NA,3,-0.0164268165826797,0,RP,0.5705,x_939
Daniel Castano,NA,20.1,0.0370324514806271,0,RP,0.5705,x_940
Dauri Moreta,NA,3.2,-0.0167253948748112,0,RP,0.5705,x_941
Derek Law,NA,15,-0.020379438996315,0,RP,0.5705,x_942
Seth Elledge,NA,11.2,9.128436795435e-4,0,RP,0.5705,x_943
Kyle Nelson,NA,9.2,-0.0207531433552504,0,RP,0.5705,x_944
Kaleb Ort,NA,0.1,-0.0217093024402857,0,RP,0.5705,x_945
Demarcus Evans,NA,26.1,-0.0270516704767942,0,RP,0.5715,x_946
Damon Jones,NA,0.1,-0.0334280990064144,0,RP,0.5705,x_947
Shaun Anderson,NA,23.1,-0.0339094214141369,0,RP,0.5705,x_948
Roel Ramirez,NA,0.1,-0.0346713922917843,0,RP,0.5705,x_949
Dillon Maples,NA,31.1,-0.0355380661785603,0,RP,0.5705,x_950
Jose Marte,NA,4,-0.0356981717050076,0,RP,0.5705,x_951
Anthony Kay,NA,33.2,-0.0369582511484623,0,RP,0.5705,x_952
Zac Rosscup,NA,3,-0.0375389754772186,0,RP,0.5705,x_953
Felix Pena,NA,1.2,-0.0394267998635769,0,RP,1.1,x_954
Brady Lail,NA,2,-0.0438284426927567,0,RP,0.5705,x_955
Colten Brewer,NA,1,-0.0439795404672623,0,RP,0.5705,x_956
Konner Wade,NA,12.1,-0.0466526448726654,0,RP,0.5705,x_957
Taylor Williams,NA,11.2,-0.0511165000498295,-0.1,RP,0.5775,x_958
Jesse Biddle,NA,10.2,-0.0517479367554188,-0.1,RP,0.5705,x_959
Ryan Hartman,NA,2.1,-0.0520315431058407,-0.1,RP,0.5705,x_960
Aaron Fletcher,NA,3.2,-0.0567783191800117,-0.1,RP,0.5705,x_961
Kyle Tyler,NA,12.1,-0.0594231225550175,-0.1,RP,0.5705,x_962
Ty Tice,NA,8,-0.0602444354444742,-0.1,RP,0.5705,x_963
Travis Lakins Sr.,NA,28,-0.061224639415741,-0.1,RP,0.5705,x_964
Jandel Gustave,NA,18.1,-0.0388102903962135,-0.1,RP,0.5705,x_965
Mike Kickham,NA,2,-0.0635972321033478,-0.1,RP,0.5705,x_966
Sam Clay,NA,45,-0.0424186773598194,-0.1,RP,0.575,x_967
Eric Hanhold,NA,10.1,-0.066993311047554,-0.1,RP,0.5705,x_968
Geoff Hartlieb,NA,9,-0.0766735021024942,-0.1,RP,0.5705,x_969
Ryne Harper,NA,35.2,-0.0567895658314228,-0.1,RP,0.5705,x_970
Elvis Peguero,NA,2.1,-0.0801240354776382,-0.1,RP,0.5705,x_971
Trevor Hildenberger,NA,2.1,-0.0897984281182289,-0.1,RP,0.5705,x_972
Kyle Lobstein,NA,1.1,-0.0930284410715103,-0.1,RP,0.5705,x_973
Daniel Zamora,NA,4.1,-0.0988494604825974,-0.1,RP,0.5705,x_974
Yohan Ramirez,NA,27.2,-0.0992589071393013,-0.1,RP,0.5705,x_975
Reiss Knehr,NA,29,-0.0133838597685099,-0.1,RP,0.5705,x_976
Julian Fernandez,NA,6.2,-0.101619221270084,-0.1,RP,0.5705,x_977
Enyel De Los Santos,NA,35.1,-0.101685801288113,-0.1,RP,0.5705,x_978
Jason Foley,NA,10.1,-0.101789593696594,-0.1,RP,0.5705,x_979
Austin Pruitt,NA,7.1,-0.103211402893066,-0.1,RP,0.6175,x_980
Shawn Morimando,NA,10.1,-0.0714389383792877,-0.1,RP,0.5705,x_981
Brad Brach,NA,30,-0.109385453164577,-0.1,RP,0.5705,x_982
Ralph Garza,NA,30.1,-0.109445743262768,-0.1,RP,0.5705,x_983
Miguel Diaz,NA,42,-0.0782182663679123,-0.1,RP,0.5705,x_984
Ryan Meisinger,NA,7.1,-0.112164825201035,-0.1,RP,0.5705,x_985
Ian Gibaut,NA,6.2,-0.113336302340031,-0.1,RP,0.5705,x_986
Luke Farrell,NA,24.2,-0.114490911364555,-0.1,RP,0.5705,x_987
Aaron Northcraft,NA,8,-0.115159466862679,-0.1,RP,0.5705,x_988
Vinny Nittoli,NA,1,-0.115388989448547,-0.1,RP,0.5705,x_989
Ben Rowen,NA,11.1,-0.116353794932365,-0.1,RP,0.5705,x_990
Jay Flaa,NA,2.2,-0.116732739028521,-0.1,RP,0.5705,x_991
Michael Rucker,NA,28.1,-0.105844356119633,-0.1,RP,0.5705,x_992
Junior Fernandez,NA,20.2,-0.106824435293674,-0.1,RP,0.5705,x_993
Manny Barreda,NA,2.2,-0.121284946799278,-0.1,RP,0.5705,x_994
Austin Brice,NA,13.2,-0.121978767216206,-0.1,RP,0.87,x_995
Nick Martini,45,NA,-0.122171550989151,-0.1,RP,0.5705,x_996
Thomas Szapucki,NA,3.2,-0.114182196557522,-0.1,RP,0.5705,x_997
Robert Dugger,NA,25.2,-0.128712877631187,-0.1,RP,0.5705,x_998
Shea Spitzbarth,NA,5,-0.129713505506516,-0.1,RP,0.5705,x_999
Ljay Newsome,NA,14.2,-0.132947072386742,-0.1,RP,0.5705,x_1000
Stefan Crichton,NA,23.1,-0.132965624332428,-0.1,RP,0.5964,x_1001
Jace Fry,NA,6.2,-0.134211331605911,-0.1,RP,0.8625,x_1002
Packy Naughton,NA,22.2,-0.12346239387989,-0.1,RP,0.5705,x_1003
Drew Carlton,NA,3.2,-0.134330168366432,-0.1,RP,0.5705,x_1004
Stephen Nogosek,NA,3,-0.123987086117268,-0.1,RP,0.5705,x_1005
Kent Emanuel,NA,17.2,-0.136834874749184,-0.1,RP,0.5705,x_1006
Tyler Webb,NA,16.1,-0.129286989569664,-0.1,RP,0.593,x_1007
RJ Alaniz,NA,2.2,-0.129139021039009,-0.1,RP,0.5705,x_1008
Yoan Lopez,NA,12.1,-0.146854028105736,-0.1,RP,0.5705,x_1009
Enoli Paredes,NA,8.2,-0.147648930549622,-0.1,RP,0.5969,x_1010
Anthony Banda,NA,33.2,-0.146442331373692,-0.2,RP,0.5705,x_1011
Alberto Baldonado,NA,10.2,-0.157922625541687,-0.2,RP,0.5705,x_1012
Mason Thompson,NA,24.2,-0.161513920873404,-0.2,RP,0.5705,x_1013
Zack Burdi,NA,10,-0.162376558408141,-0.2,RP,0.5705,x_1014
Jake Newberry,NA,4.1,-0.16452930867672,-0.2,RP,0.5705,x_1015
Miguel Sanchez,NA,26,-0.154896125197411,-0.2,RP,0.5705,x_1016
Marcos Diplan,NA,30,-0.167447224259377,-0.2,RP,0.5705,x_1017
Keury Mella,NA,1.2,-0.171665370464325,-0.2,RP,0.5705,x_1018
Neftali Feliz,NA,4,-0.174537874758244,-0.2,RP,0.5705,x_1019
Mickey Jannis,NA,3.1,-0.17511411011219,-0.2,RP,0.5705,x_1020
Mike Baumann,NA,10,-0.178320959210396,-0.2,RP,0.5705,x_1021
Nivaldo Rodriguez,NA,7.1,-0.183348193764687,-0.2,RP,0.5705,x_1022
Tommy Nance,NA,28.2,-0.167000234127045,-0.2,RP,0.5705,x_1023
Riley Smith,NA,67.1,0.0030579213052988,-0.2,RP,0.5823,x_1024
Alec Bettinger,NA,10,-0.185364723205566,-0.2,RP,0.5705,x_1025
Jake Petricka,NA,6,-0.196900874376297,-0.2,RP,0.5705,x_1026
Brad Peacock,NA,5.1,-0.196901232004166,-0.2,RP,0.5705,x_1027
Justin Garza,NA,28.2,-0.203465014696121,-0.2,RP,0.5705,x_1028
Travis Bergen,NA,10.2,-0.209378004074097,-0.2,RP,0.5705,x_1029
Yennsy Diaz,NA,25,-0.20661535859108,-0.2,RP,0.5705,x_1030
Keegan Thompson,NA,53.1,-0.223038077354431,-0.2,RP,0.5705,x_1031
Adam Kolarek,NA,9,-0.223998725414276,-0.2,RP,0.5955,x_1032
Jordan Weems,NA,5.2,-0.227483011782169,-0.2,RP,0.5705,x_1033
Angel Perdomo,NA,17,-0.229382887482643,-0.2,RP,0.5705,x_1034
Jeremy Beasley,NA,9.1,-0.244569346308708,-0.2,RP,0.5705,x_1035
Trevor Megill,NA,23.2,-0.248090341687202,-0.2,RP,0.5705,x_1036
Manuel Rodriguez,NA,17.2,-0.239903703331947,-0.3,RP,0.5705,x_1037
JB Bukauskas,NA,17.1,-0.259421706199646,-0.3,RP,0.5705,x_1038
Darien Nunez,NA,7.2,-0.261137068271637,-0.3,RP,0.5705,x_1039
Ryan Borucki,NA,23.2,-0.269345670938492,-0.3,RP,0.5952,x_1040
Brandon Waddell,NA,9.1,-0.26047576405108,-0.3,RP,0.5705,x_1041
Jefry Rodriguez,NA,24.1,-0.273802608251572,-0.3,RP,0.5705,x_1042
Luis Oviedo,NA,29.2,-0.307543009519577,-0.3,RP,0.5705,x_1043
Tyler Zuber,NA,27.1,-0.308314502239227,-0.3,RP,0.5705,x_1044
Cionel Perez,NA,24,-0.300779700279236,-0.3,RP,0.5725,x_1045
Mauricio Llovera,NA,6.2,-0.325564503669739,-0.3,RP,0.5705,x_1046
Adrian Sampson,NA,35.1,-0.204206481575966,-0.3,RP,0.5705,x_1047
Nick Mears,NA,23.1,-0.318812221288681,-0.3,RP,0.5705,x_1048
Andre Scrubb,NA,19.2,-0.334425270557404,-0.3,RP,0.6016,x_1049
Jesus Tinoco,NA,1.1,-0.339440405368805,-0.3,RP,0.5705,x_1050
Sal Romano,NA,25,-0.32593872398138,-0.3,RP,0.5705,x_1051
Aaron Slegers,NA,31,-0.351968318223953,-0.4,RP,0.5705,x_1052
Trent Thornton,NA,49,-0.358365386724472,-0.4,RP,0.5929,x_1053
Mac Sceroler,NA,7.2,-0.364911824464798,-0.4,RP,0.5705,x_1054
Eric Yardley,NA,18.2,-0.388235926628113,-0.4,RP,0.5778,x_1055
Shane Greene,NA,23.2,-0.389703027904034,-0.4,RP,1.185555,x_1056
Justin Miller,NA,19,-0.400636315345764,-0.4,RP,0.5705,x_1057
Hyeon-jong Yang,NA,35.1,-0.405763357877731,-0.4,RP,0.5705,x_1058
Brett de Geus,NA,50,-0.409572288393974,-0.4,RP,0.5705,x_1059
Jake Jewell,NA,10,-0.415716469287872,-0.4,RP,0.5705,x_1060
Ryan Hendrix,NA,31.2,-0.415505945682526,-0.4,RP,0.5705,x_1061
Wander Suero,NA,42.2,-0.437450259923935,-0.4,RP,0.6007,x_1062
Brandyn Sittinger,NA,4.2,-0.458762317895889,-0.5,RP,0.5705,x_1063
Edgar Garcia,NA,14.2,-0.46528859436512,-0.5,RP,0.5705,x_1064
Beau Burrows,NA,11,-0.47844463493675,-0.5,RP,0.5705,x_1065
Trevor Stephan,NA,63.1,-0.48053640127182,-0.5,RP,0.5705,x_1066
Daniel Ponce de Leon,NA,33.1,-0.452230870723724,-0.5,RP,0.5705,x_1067
Buck Farmer,NA,35.1,-0.510491967201233,-0.5,RP,1.85,x_1068
Wes Benjamin,NA,22.2,-0.525358140468597,-0.5,RP,0.5745,x_1069
Gregory Santos,NA,2,-0.549903690814972,-0.5,RP,0.5705,x_1070
Albert Abreu,NA,36.2,-0.552442491054535,-0.6,RP,0.5705,x_1071
Kyle Keller,NA,33.1,-0.627155423164368,-0.6,RP,0.5705,x_1072
Brooks Kriske,NA,11.1,-0.659654594957829,-0.7,RP,0.5705,x_1073
David Hess,NA,20,-0.935023590922356,-1,RP,0.5705,x_1074
Adam Plutko,NA,56.1,-1.18727374076843,-1.2,RP,0.5842,x_1075
Anthony Bender,NA,61.1,0.982689797878265,1,RP,0.5705,x_1076
Luis Garcia C,NA,33.1,0.689749836921692,0.7,RP,0.5705,x_1077
Joe Barlow,NA,29,0.386538088321686,0.4,RP,0.5705,x_1078
Juan Minaya,NA,40,0.229231178760529,0.2,RP,0.5705,x_1079
Nick Vincent,NA,12.2,0.138361722230911,0.1,RP,0.5705,x_1080
Jovani Moran,NA,8,0.0844897255301476,0.1,RP,0.5705,x_1081
Sean Guenther,NA,20.1,0.0728490054607391,0.1,RP,0.5705,x_1082
Devin Smeltzer,NA,4.2,0.0425500795245171,0,RP,0.5705,x_1083
Andrew Bellatti,NA,3.1,0.0361180081963539,0,RP,0.5705,x_1084
Nick Snyder,NA,3.2,-0.0274839624762535,0,RP,0.5705,x_1085
Jorge Guzman,NA,1.2,-0.0590927414596081,-0.1,RP,0.5705,x_1086
Preston Guilmet,NA,2,-0.0853368416428566,-0.1,RP,0.5705,x_1087
Paul Campbell,NA,26.2,-0.123248815536499,-0.2,RP,0.5705,x_1088
Spencer Patton,NA,42.1,0.648179292678833,0.6,RP,0.5705,x_1089
Tyler Chatwood,NA,32,0.158892162144184,0.1,RP,3,x_1090
Drew Hutchison,NA,21.1,0.14121288061142,0.1,RP,0.5705,x_1091
Burch Smith,NA,43.1,0.0933494195342064,0.1,RP,0.705,x_1092
Oliver Perez,NA,3.2,0.0805274024605751,0.1,RP,0.5705,x_1093
Rafael Dolis,NA,32,0.0723782330751419,0.1,RP,1.5,x_1094
AJ Ramos,NA,4.2,0.0707055777311325,0.1,RP,0.5705,x_1095
Matt Andriese,NA,48.1,0.0623351037502289,0.1,RP,1.85,x_1096
Erasmo Ramirez,NA,26.2,0.0575933903455734,0.1,RP,0.5705,x_1097
Javy Guerra,NA,3.2,0.0509421899914742,0.1,RP,0.5705,x_1098
Joe Biagini,NA,3,0.0479337684810162,0,RP,0.5705,x_1099
Kyle Crick,NA,24.1,0.0283449869602919,0,RP,0.8,x_1100
Pedro Strop,NA,2,0.0240077394992113,0,RP,0.5705,x_1101
Keynan Middleton,NA,31,0.003596710273996,0,RP,0.8,x_1102
Michael Feliz,NA,20,-0.0034023504704237,0,RP,1,x_1103
Nick Tropeano,NA,8,-0.0247505735605955,0,RP,0.5705,x_1104
Reyes Moronta,NA,4,-0.0429773703217506,0,RP,0.695,x_1105
David Paulino,NA,2,-0.0483991727232933,0,RP,0.5705,x_1106
John Brebbia,NA,18.1,-0.0520638935267925,-0.1,RP,0.8,x_1107
Jordan Zimmermann,NA,5.2,-0.0784657970070839,-0.1,RP,0.5705,x_1108
David Hale,NA,26.2,-0.0919693782925606,-0.1,RP,0.85,x_1109
Anthony Swarzak,NA,12.1,-0.133336187340319,-0.1,RP,0.5705,x_1110
Alex Claudio,NA,32.2,-0.177414044737816,-0.2,RP,1.125,x_1111
Hoby Milner,NA,21.2,-0.247354343533516,-0.2,RP,0.5705,x_1112
Ross Detwiler,NA,52.1,-0.264545419253409,-0.2,RP,0.85,x_1113
Carl Edwards Jr.,NA,5.2,-0.234169125556946,-0.2,RP,0.5705,x_1114
Kyle Ryan,NA,13.1,-0.243582412600517,-0.3,RP,0.8,x_1115
Brandon Workman,NA,28,-0.293033063411713,-0.3,RP,0.5705,x_1116
Cam Bedrosian,NA,25,-0.298180337995291,-0.3,RP,1.5,x_1117
Brandon Kintzler,NA,29.2,-0.310351222753525,-0.3,RP,0.5705,x_1118
Shawn Armstrong,NA,36,-0.317756034433842,-0.3,RP,0.825,x_1119
Josh Lindblom,NA,16.2,-0.319303512573242,-0.3,RP,3.041666,x_1120
Josh Osich,NA,14.1,-0.372203052043915,-0.4,RP,0.5705,x_1121
Shelby Miller,NA,12.2,-0.392887316644192,-0.4,RP,0.5705,x_1122
Ryan Buchter,NA,16.1,-0.481517970561981,-0.5,RP,0.5705,x_1123
Dan Winkler,NA,39.2,-0.485798001289368,-0.5,RP,0.9,x_1124
Nate Jones,NA,19,-0.860922247171402,-0.9,RP,0.5705,x_1125
Shohei Ohtani,639,NA,5.11922979354858,8.1,SP,3,x_1126
Corbin Burnes,NA,167,7.47618246078491,7.6,SP,0.608,x_1127
Zack Wheeler,NA,213.1,7.25918245315552,7.3,SP,22.5,x_1128
Nathan Eovaldi,NA,182.1,5.61710262298584,5.6,SP,17,x_1129
Walker Buehler,NA,207.2,5.46828413009644,5.5,SP,3.75,x_1130
Jacob deGrom,NA,92,4.87347412109375,5.4,SP,36,x_1131
Julio Urias,NA,185.2,4.9703369140625,5.4,SP,3.6,x_1132
Gerrit Cole,NA,181.1,5.26391696929932,5.3,SP,36,x_1133
Kevin Gausman,NA,192,4.79338884353638,5,SP,18.9,x_1134
Carlos Rodon,NA,132.2,4.88896989822388,4.9,SP,3,x_1135
Aaron Nola,NA,180.2,4.45639657974243,4.8,SP,12.25,x_1136
Brandon Woodruff,NA,179.1,4.74464273452759,4.7,SP,3.275,x_1137
Max Scherzer,NA,179.1,5.36000204086304,4.7,SP,34.60348,x_1138
Max Fried,NA,165.2,3.79843235015869,4.6,SP,3.5,x_1139
Dylan Cease,NA,165.2,4.3931188583374,4.6,SP,0.6,x_1140
Charlie Morton,NA,185.2,4.59659337997437,4.5,SP,15,x_1141
Logan Webb,NA,148.1,4.08117246627808,4.3,SP,0.583,x_1142
Lance Lynn,NA,157,4.17076110839844,4.2,SP,9.333334,x_1143
German Marquez,NA,180,3.41997766494751,4.1,SP,7.8,x_1144
Jose Berrios,NA,192,4.11637377738953,4.1,SP,5.6,x_1145
Lucas Giolito,NA,178.2,4.03434085845947,4.1,SP,4.15,x_1146
Frankie Montas,NA,187,4.06276273727417,4,SP,1.8,x_1147
Sandy Alcantara,NA,205.2,4.17923164367676,3.9,SP,0.63,x_1148
Adam Wainwright,NA,206.1,3.77838587760925,3.9,SP,8,x_1149
Robbie Ray,NA,193.1,3.9316623210907,3.9,SP,8,x_1150
Luis Castillo,NA,187.2,3.73559021949768,3.9,SP,4.2,x_1151
Freddy Peralta,NA,144.1,3.98126554489136,3.8,SP,1.33496,x_1152
Eduardo Rodriguez,NA,157.2,3.81294250488281,3.7,SP,8.3,x_1153
Clayton Kershaw,NA,121.2,3.384526014328,3.6,SP,31,x_1154
Marcus Stroman,NA,179,3.37800717353821,3.5,SP,18.9,x_1155
Tyler Mahle,NA,180,3.76083183288574,3.5,SP,2.2,x_1156
Sean Manaea,NA,179.1,3.30782341957092,3.5,SP,5.95,x_1157
Chris Bassitt,NA,157.1,3.34808921813965,3.3,SP,4.9,x_1158
Ranger Suarez,NA,106,3.02498817443848,3.3,SP,0.5705,x_1159
Jordan Montgomery,NA,157.1,3.30873489379883,3.3,SP,2.13,x_1160
Wade Miley,NA,163,2.93705129623413,3.3,SP,8.15,x_1161
Lance McCullers Jr.,NA,162.1,3.25260496139526,3.2,SP,7.083333,x_1162
Kyle Gibson,NA,182,2.98492634296417,3,SP,11.5,x_1163
Antonio Senzatela,NA,156.2,3.48360681533813,3,SP,3,x_1164
Chris Flexen,NA,179.2,3.02913951873779,3,SP,1.7,x_1165
Anthony DeSclafani,NA,167.2,3.02283334732056,2.8,SP,6.125,x_1166
Yu Darvish,NA,166.1,2.86275815963745,2.8,SP,22,x_1167
Steven Matz,NA,150.2,2.76114940643311,2.7,SP,5.2,x_1168
Joe Musgrove,NA,181.1,3.29929089546204,2.7,SP,4.45,x_1169
John Means,NA,146.2,2.4874894618988,2.5,SP,0.5935,x_1170
Shane Bieber,NA,96.2,2.59666180610657,2.5,SP,0.6797,x_1171
Tyler Glasnow,NA,88,2.54987049102783,2.5,SP,4,x_1172
Shane McClanahan,NA,123.1,2.51895952224731,2.5,SP,0.5705,x_1173
Alex Cobb,NA,93.1,2.48939251899719,2.5,SP,15,x_1174
Hyun-Jin Ryu,NA,169,2.47190618515015,2.4,SP,20,x_1175
Sonny Gray,NA,135.1,2.37629055976868,2.4,SP,10.166666,x_1176
Alex Wood,NA,138.2,2.51786208152771,2.3,SP,5,x_1177
Merrill Kelly,NA,158,2.38502526283264,2.3,SP,4.25,x_1178
Tanner Houck,NA,69,2.21467924118042,2.2,SP,0.577,x_1179
Mike Minor,NA,158.2,2.25246953964233,2.2,SP,7,x_1180
Pablo Lopez,NA,102.2,2.28602743148804,2.1,SP,0.595,x_1181
Nick Pivetta,NA,155,2.14988970756531,2.1,SP,0.6135,x_1182
Cole Irvin,NA,178.1,2.05543112754822,2.1,SP,0.573,x_1183
Tyler Anderson,NA,167,2.06781339645386,2.1,SP,2.5,x_1184
Blake Snell,NA,128.2,2.14468622207642,2.1,SP,11.1,x_1185
Jameson Taillon,NA,144.1,2.0052444934845,2,SP,2.25,x_1186
Brady Singer,NA,128.1,2.01978635787964,2,SP,0.5937,x_1187
Jon Gray,NA,149,2.26517295837402,2,SP,6,x_1188
Cal Quantrill,NA,149.2,1.90838301181793,2,SP,0.5862,x_1189
Madison Bumgarner,NA,146.1,1.54840695858002,1.9,SP,19,x_1190
Zach Eflin,NA,105.2,2.15788435935974,1.9,SP,4.45,x_1191
Jose Urquidy,NA,107,1.81754958629608,1.8,SP,0.6042,x_1192
Framber Valdez,NA,134.2,1.87720358371735,1.8,SP,0.6373,x_1193
Dane Dunning,NA,117.2,1.77504312992096,1.8,SP,0.5725,x_1194
Matt Harvey,NA,127.2,1.87341582775116,1.8,SP,1,x_1195
Zac Gallen,NA,121.1,1.47437644004822,1.7,SP,0.6075,x_1196
Joe Ross,NA,108,1.34005057811737,1.7,SP,1.5,x_1197
Kenta Maeda,NA,106.1,1.69438695907593,1.7,SP,5.625,x_1198
Ian Anderson,NA,128.1,1.87165474891663,1.7,SP,0.5755,x_1199
Danny Duffy,NA,61,1.64137601852417,1.6,SP,15.5,x_1200
Rich Hill,NA,158.2,1.65980976819992,1.6,SP,2.5,x_1201
Chris Paddack,NA,108.1,1.78826880455017,1.6,SP,0.6109,x_1202
Trevor Bauer,NA,107.2,1.75479710102081,1.5,SP,31.333333,x_1203
Matt Boyd,NA,78.2,1.41607713699341,1.5,SP,6.5,x_1204
Spencer Turnbull,NA,50,1.52404963970184,1.5,SP,0.5869,x_1205
Adrian Houser,NA,142.1,1.49094414710999,1.5,SP,0.5841,x_1206
Johnny Cueto,NA,114.2,1.50859892368317,1.5,SP,21,x_1207
Corey Kluber,NA,80,1.47042059898376,1.4,SP,11,x_1208
Michael Pineda,NA,109.1,1.41677725315094,1.4,SP,10,x_1209
Casey Mize,NA,150.1,1.34325671195984,1.4,SP,0.5741,x_1210
Taijuan Walker,NA,159,1.3852664232254,1.4,SP,10,x_1211
James Kaprielian,NA,119.1,1.26654803752899,1.3,SP,0.5705,x_1212
Trevor Williams,NA,91,1.18100863695145,1.3,SP,2.85,x_1213
Domingo German,NA,98.1,1.31865298748016,1.3,SP,0.619675,x_1214
Zack Greinke,NA,171,1.29113900661469,1.3,SP,35,x_1215
Kyle Hendricks,NA,181,1.2614963054657,1.2,SP,14,x_1216
Ryan Yarbrough,NA,155,1.24803531169891,1.2,SP,2.3,x_1217
Kwang-hyun Kim,NA,106.2,1.17580628395081,1.2,SP,4,x_1218
Jack Flaherty,NA,78.1,0.879186809062958,1.2,SP,3.9,x_1219
Triston McKenzie,NA,120,1.12561082839966,1.2,SP,0.5753,x_1220
Kyle Freeland,NA,120.2,1.49955642223358,1.1,SP,5.025,x_1221
Austin Gomber,NA,115.1,1.30827486515045,1.1,SP,0.5755,x_1222
Mitch Keller,NA,100.2,1.11534690856934,1.1,SP,0.579,x_1223
Jake Odorizzi,NA,104.2,1.10968208312988,1.1,SP,9,x_1224
Yusei Kikuchi,NA,157,1.11900663375854,1.1,SP,16.5,x_1225
Zach Plesac,NA,142.2,1.06027042865753,1.1,SP,0.5902,x_1226
Michael Wacha,NA,124.2,1.06349766254425,1,SP,3,x_1227
Brad Keller,NA,133.2,1.10648047924042,1,SP,3.35,x_1228
Tyler Alexander,NA,106.1,1.04311835765839,1,SP,0.5788,x_1229
Adbert Alzolay,NA,125.2,1.02928185462952,0.9,SP,0.573,x_1230
David Price,NA,73.2,0.702099919319153,0.9,SP,32,x_1231
Aaron Civale,NA,124.1,0.776473879814148,0.8,SP,0.5874,x_1232
Alec Mills,NA,119,1.08756005764008,0.8,SP,0.6,x_1233
Jorge Lopez,NA,121.2,0.803435742855072,0.8,SP,0.58675,x_1234
Chris Sale,NA,42.2,0.783266603946686,0.8,SP,30,x_1235
Brett Anderson,NA,96,0.913409531116486,0.8,SP,2.5,x_1236
Erick Fedde,NA,133.1,1.19098138809204,0.8,SP,0.575,x_1237
Wily Peralta,NA,93.2,0.711532413959503,0.7,SP,1.5,x_1238
Tarik Skubal,NA,149.1,0.737509369850159,0.7,SP,0.5743,x_1239
Joey Lucchesi,NA,38.1,0.733121514320374,0.7,SP,0.6071,x_1240
Cristian Javier,NA,101.1,0.660421073436737,0.7,SP,0.6204,x_1241
Luke Weaver,NA,65.2,0.659801363945007,0.6,SP,1.95,x_1242
Dinelson Lamet,NA,47,0.63799637556076,0.6,SP,4.2,x_1243
Dallas Keuchel,NA,162,0.598116517066956,0.6,SP,18,x_1244
Justin Dunn,NA,50.1,0.487561643123627,0.6,SP,0.5849,x_1245
Marco Gonzales,NA,143.1,0.57238894701004,0.5,SP,5.25,x_1246
Josh Fleming,NA,104.1,0.531753361225128,0.5,SP,0.5705,x_1247
Trevor Cahill,NA,37,0.533136606216431,0.5,SP,1.5,x_1248
Carlos Martinez,NA,82.1,0.550033271312714,0.5,SP,11.7,x_1249
Dustin May,NA,23,0.501624763011932,0.5,SP,0.5905,x_1250
Jaime Barria,NA,56.2,0.46817672252655,0.4,SP,0.5905,x_1251
Miles Mikolas,NA,44.2,0.491844713687897,0.4,SP,16.75,x_1252
JA Happ,NA,152.1,0.521469622850418,0.4,SP,8,x_1253
Jose Urena,NA,100.2,0.399203419685364,0.4,SP,3.45,x_1254
Bruce Zimmermann,NA,64.1,0.40112513303756703,0.4,SP,0.5715,x_1255
Dakota Hudson,NA,8.2,0.252040833234787,0.3,SP,0.5957,x_1256
Jon Lester,NA,141.1,0.0338749494403601,0.3,SP,2,x_1257
David Peterson,NA,66.2,0.340057790279388,0.3,SP,0.58575,x_1258
JT Brubaker,NA,124.1,0.323546260595322,0.3,SP,0.5905,x_1259
Steven Brault,NA,27.2,0.208675235509872,0.3,SP,2.05,x_1260
Patrick Corbin,NA,171.2,0.177104696631432,0.2,SP,24.416666,x_1261
Lucas Gilbreath,NA,42.2,0.195774495601654,0.2,SP,0.5705,x_1262
Shane Baz,NA,13.1,0.193766623735428,0.2,SP,0.5705,x_1263
Michael Lorenzen,NA,29,0.209594070911407,0.2,SP,4.4375,x_1264
Patrick Murphy,NA,28,0.190134897828102,0.2,SP,0.575,x_1265
Ross Stripling,NA,101.1,0.240748226642609,0.2,SP,3,x_1266
Charlie Barnes,NA,38,0.182044520974159,0.2,SP,0.5705,x_1267
Luis Severino,NA,6,0.171100497245789,0.2,SP,10.75,x_1268
Chris Archer,NA,19.1,0.164224669337273,0.2,SP,6.5,x_1269
Tucker Davidson,NA,20,0.197685420513153,0.1,SP,0.5705,x_1270
Zach Davies,NA,148,0.0613551400601864,0.1,SP,8.63,x_1271
Jeff Hoffman,NA,73,0.157219186425209,0.1,SP,0.5855,x_1272
Drew Smyly,NA,126.2,0.375467538833618,0.1,SP,11,x_1273
Adonis Medina,NA,7.2,0.109026417136192,0.1,SP,0.5705,x_1274
Caleb Smith,NA,113.2,0.0532185360789299,0.1,SP,1.38624,x_1275
Kohl Stewart,NA,13.2,0.0509277358651161,0.1,SP,0.7,x_1276
Daulton Jefferies,NA,15,0.0869580954313278,0.1,SP,0.5705,x_1277
Antonio Santos,NA,11.1,0.084432065486908,0.1,SP,0.5705,x_1278
Stephen Strasburg,NA,21.2,-0.0250762719660997,0.1,SP,35,x_1279
Dylan Bundy,NA,90.2,0.0278550647199154,0.1,SP,8.325,x_1280
James Paxton,NA,1.1,0.0447868406772614,0,SP,8.5,x_1281
Nick Margevicius,NA,12,-0.0057989549823105,0,SP,0.5869,x_1282
Nate Pearson,NA,15,-0.0183873157948256,0,SP,0.5775,x_1283
Julio Teheran,NA,5,-0.025644201785326,0,SP,3,x_1284
Noah Syndergaard,NA,2,-0.0342447385191917,0,SP,9.7,x_1285
Jordan Lyles,NA,180,0.0168602075427771,0,SP,8,x_1286
Thomas Hatch,NA,9.1,-0.0568060800433159,-0.1,SP,0.5848,x_1287
Ashton Goudeau,NA,34.1,-0.0521474815905094,-0.1,SP,0.5705,x_1288
Elieser Hernandez,NA,51.2,0.0034932815469801,-0.1,SP,0.579,x_1289
Carlos Carrasco,NA,53.2,0.0676137134432793,-0.1,SP,12,x_1290
Garrett Cleavinger,NA,18,-0.284342616796494,-0.2,SP,0.5705,x_1291
Jesus Luzardo,NA,95.1,-0.190713956952095,-0.2,SP,0.5755,x_1292
Adrian Morejon,NA,4.2,-0.163789972662926,-0.2,SP,0.5729,x_1293
Scott Kazmir,NA,11.1,-0.156293123960495,-0.2,SP,0.6,x_1294
Taylor Widener,NA,70.1,-0.141866356134415,-0.2,SP,0.5834,x_1295
Kolby Allard,NA,124.2,-0.291076719760895,-0.3,SP,0.58425,x_1296
Wil Crowe,NA,116.2,-0.286433070898056,-0.4,SP,0.574,x_1297
Logan Allen,NA,50.1,-0.431839227676392,-0.4,SP,0.5715,x_1298
Mike Foltynewicz,NA,139,-0.810686469078064,-0.8,SP,2,x_1299
Trevor Rogers,NA,133,4.1983642578125,4,SP,0.5705,x_1300
Logan Gilbert,NA,119.1,2.23479151725769,2.2,SP,0.5705,x_1301
Eric Lauer,NA,118.2,1.6843353509903,2,SP,0.5705,x_1302
Alek Manoah,NA,111.2,2.00583434104919,2,SP,0.5705,x_1303
Nestor Cortes,NA,93,1.67872536182404,1.7,SP,0.5705,x_1304
Patrick Sandoval,NA,87,1.51186871528625,1.5,SP,0.5705,x_1305
Zach Thompson,NA,75,1.27827203273773,1.3,SP,0.5705,x_1306
Jose Suarez,NA,98.1,1.26547944545746,1.3,SP,0.5705,x_1307
Tylor Megill,NA,89.2,0.634761989116669,0.9,SP,0.5705,x_1308
Carlos Hernandez,NA,85.2,0.965376496315002,0.9,SP,0.5705,x_1309
Matt Manning,NA,85.1,0.860271036624908,0.8,SP,0.5705,x_1310
Kyle Muller,NA,36.2,0.666456758975983,0.7,SP,0.5705,x_1311
Luis Patino,NA,77.1,0.64838707447052,0.6,SP,0.5705,x_1312
Tony Gonsolin,NA,55.2,0.499010026454926,0.6,SP,0.5805,x_1313
Keegan Akin,NA,95,0.616945564746857,0.6,SP,0.5705,x_1314
Glenn Otto,NA,23.1,0.573386907577515,0.6,SP,0.5705,x_1315
Daniel Lynch,NA,68,0.534636259078979,0.5,SP,0.5705,x_1316
Dillon Peters,NA,26.2,0.530115604400635,0.5,SP,0.5705,x_1317
Vladimir Gutierrez,NA,114,0.612468838691711,0.5,SP,0.5705,x_1318
Reiver Sanmartin,NA,11.2,0.501609027385712,0.4,SP,0.5705,x_1319
Luis Gil,NA,29.1,0.427425801753998,0.4,SP,0.5705,x_1320
Eli Morgan,NA,89.1,0.406545877456665,0.4,SP,0.5705,x_1321
Chris Ellis,NA,29.1,0.375001944601536,0.4,SP,0.5705,x_1322
Max Kranick,NA,38.2,0.462085574865341,0.3,SP,0.5705,x_1323
Braxton Garrett,NA,34,0.252082020044327,0.3,SP,0.5705,x_1324
Kris Bubic,NA,130,0.286834329366684,0.2,SP,0.5705,x_1325
Tony Santillan,NA,43.1,0.191311895847321,0.2,SP,0.5705,x_1326
Sammy Long,NA,40.2,0.230179935693741,0.2,SP,0.5705,x_1327
Angel Zerpa,NA,5,0.173846438527107,0.2,SP,0.5705,x_1328
Jhon Romero,NA,4,0.143234625458717,0.1,SP,0.5705,x_1329
Roansy Contreras,NA,3,0.132418602705002,0.1,SP,0.5705,x_1330
Jordan Yamamoto,NA,6.2,0.0741975381970406,0.1,SP,0.5705,x_1331
Griffin Canning,NA,62.2,0.125710994005203,0.1,SP,0.5905,x_1332
Deivi Garcia,NA,8.1,0.092544712126255,0.1,SP,0.5705,x_1333
Zac Lowther,NA,29.2,0.0856646373867989,0.1,SP,0.5705,x_1334
Jhonathan Diaz,NA,13,0.0645011439919472,0.1,SP,0.5705,x_1335
Joan Adon,NA,5.1,0.0551324337720871,0,SP,0.5705,x_1336
Cooper Criswell,NA,1.1,0.0304944273084402,0,SP,0.5705,x_1337
Johan Oviedo,NA,62.1,-0.0716131925582886,0,SP,0.5705,x_1338
Ryan Weathers,NA,94.2,-0.127039551734924,0,SP,0.5707,x_1339
Humberto Mejia,NA,22.1,-0.0187372341752052,0,SP,0.5705,x_1340
Tyler Ivey,NA,4.2,-0.0011861735256388,0,SP,0.5705,x_1341
Scott Blewett,NA,5,-0.0057752840220928,0,SP,0.5705,x_1342
Jon Heasley,NA,14.2,-0.0328611843287945,0,SP,0.5705,x_1343
Clarke Schmidt,NA,6.1,-0.0789112821221352,0,SP,0.571925,x_1344
Patrick Weigel,NA,4,-0.0463235937058926,0,SP,0.5705,x_1345
Pedro Avila,NA,4,-0.0361961200833321,0,SP,0.5705,x_1346
Brandon Dickson,NA,2,-0.0475871823728085,0,SP,0.5705,x_1347
Luis Frias,NA,3.1,-0.0539380759000778,-0.1,SP,0.5705,x_1348
Asher Wojciechowski,NA,4,-0.0559451393783092,-0.1,SP,0.5705,x_1349
Jimmy Lambert,NA,13,-0.0564435347914696,-0.1,SP,0.5705,x_1350
Ramon Rosso,NA,8,-0.0528924316167831,-0.1,SP,0.5705,x_1351
Colin Rea,NA,6,-0.0415547080338001,-0.1,SP,0.5705,x_1352
Cody Poteet,NA,30.2,-0.0376875214278698,-0.1,SP,0.5705,x_1353
Bryse Wilson,NA,74,0.0667793415486813,-0.1,SP,0.5705,x_1354
Spenser Watkins,NA,54.2,-0.0897624641656876,-0.1,SP,0.5705,x_1355
Josh Rogers,NA,35.2,0.0077184783294796,-0.1,SP,0.5705,x_1356
Alexander Wells,NA,42.2,-0.0927084907889366,-0.1,SP,0.5705,x_1357
Justin Steele,NA,57,-0.10366003960371,-0.1,SP,0.5705,x_1358
Kutter Crawford,NA,2,-0.10959829390049,-0.1,SP,0.5705,x_1359
Thomas Eshelman,NA,27.2,-0.103611133992672,-0.1,SP,0.5705,x_1360
Reid Detmers,NA,20.2,-0.151273056864738,-0.1,SP,0.5705,x_1361
Janson Junk,NA,16.1,-0.118471406400204,-0.1,SP,0.5705,x_1362
Wade LeBlanc,NA,49,0.0187044218182564,-0.1,SP,0.5705,x_1363
Connor Seabold,NA,3,-0.122624166309834,-0.1,SP,0.5705,x_1364
Peter Lambert,NA,5.2,-0.118368655443192,-0.1,SP,0.5705,x_1365
Josiah Gray,NA,70.2,-0.0106977224349976,-0.1,SP,0.5705,x_1366
Ryan Castellani,NA,3.1,-0.140568614006042,-0.2,SP,0.5705,x_1367
Jake Latz,NA,4.2,-0.172257855534554,-0.2,SP,0.5705,x_1368
Tanner Roark,NA,7,-0.1858119815588,-0.2,SP,12,x_1369
Kyle Wright,NA,6.1,-0.264755457639694,-0.2,SP,0.5705,x_1370
Brent Honeywell,NA,4.1,-0.221312075853348,-0.2,SP,0.575,x_1371
Justus Sheffield,NA,80.1,-0.2894267141819,-0.2,SP,0.625,x_1372
Seth Frankoff,NA,14.2,-0.249340668320656,-0.2,SP,0.5705,x_1373
Riley O'Brien,NA,1.1,-0.238477542996407,-0.2,SP,0.5705,x_1374
Hans Crouse,NA,7,-0.232282251119614,-0.2,SP,0.5705,x_1375
Luis Madero,NA,12,-0.235010355710983,-0.2,SP,0.5705,x_1376
Ryan Feltner,NA,6.1,-0.249368727207184,-0.3,SP,0.5705,x_1377
Jackson Kowar,NA,30.1,-0.267716944217682,-0.3,SP,0.5705,x_1378
Touki Toussaint,NA,50,-0.182976126670837,-0.3,SP,0.5905,x_1379
Nick Neidert,NA,35.2,-0.217717975378036,-0.3,SP,0.5705,x_1380
Mike Fiers,NA,9.1,-0.294155359268188,-0.3,SP,3.5,x_1381
Ryan Weber,NA,9.2,-0.310344197787344,-0.3,SP,0.5705,x_1382
Robert Stock,NA,9,-0.270294070243835,-0.3,SP,0.5705,x_1383
Darren McCaughan,NA,9,-0.301735043525696,-0.3,SP,0.5705,x_1384
Chase De Jong,NA,43.2,-0.28675651550293,-0.3,SP,0.5705,x_1385
Dean Kremer,NA,53.2,-0.32637432217598,-0.3,SP,0.5725,x_1386
Jon Duplantier,NA,13,-0.396938443183899,-0.4,SP,0.5705,x_1387
Cory Abbott,NA,17.1,-0.50395405292511,-0.5,SP,0.5705,x_1388
Corbin Martin,NA,16,-0.508092224597931,-0.5,SP,0.5705,x_1389
Miguel Yajure,NA,15,-0.452798336744308,-0.5,SP,0.5705,x_1390
JC Mejia,NA,52.1,-0.519244015216827,-0.5,SP,0.5705,x_1391
Jerad Eickhoff,NA,19.2,-0.728240072727203,-0.6,SP,1.25,x_1392
Andrew Albers,NA,19,-0.612953305244446,-0.6,SP,0.75,x_1393
TJ Zeuch,NA,15,-0.628858029842377,-0.6,SP,0.5705,x_1394
Kohei Arihara,NA,40.2,-0.612170577049255,-0.6,SP,2.6,x_1395
Matt Shoemaker,NA,60.1,-0.689043939113617,-0.7,SP,2,x_1396
Luis Garcia A,NA,155.1,3.14091563224792,3.1,SP,0.5801,x_1397
Bailey Ober,NA,92.1,0.968131065368652,1,SP,0.5705,x_1398
Joe Ryan,NA,26.2,0.58667653799057,0.6,SP,0.5705,x_1399
Spencer Howard,NA,49.2,0.343896798789501,0.5,SP,0.5705,x_1400
Jharel Cotton,NA,30.2,0.349277794361115,0.3,SP,0.5705,x_1401
Drew Anderson,NA,22,0.14616784453392,0.1,SP,0.5705,x_1402
Lewis Thorpe,NA,15.1,0.0171214230358601,0,SP,0.5705,x_1403
AJ Alexy,NA,23,-0.0538238249719143,-0.1,SP,0.5705,x_1404
Edward Cabrera,NA,26.1,-0.386707127094269,-0.4,SP,0.5705,x_1405
Griffin Jax,NA,82,-0.710873007774353,-0.7,SP,0.5705,x_1406
Andrew Heaney,NA,129.2,1.04849654436111,1.1,SP,6.75,x_1407
Jose Quintana,NA,63,0.333370000123978,0.4,SP,8,x_1408
Aaron Sanchez,NA,35.1,0.404357463121414,0.3,SP,4,x_1409
Chi Chi Gonzalez,NA,101.2,0.249069929122925,0.3,SP,0.5705,x_1410
Vince Velasquez,NA,94.1,-0.276744044618681,-0.3,SP,4,x_1411
Zack Godley,NA,3.1,-0.276283383369446,-0.3,SP,0.5705,x_1412
Chase Anderson,NA,48,-0.28679758310318,-0.4,SP,4,x_1413
Jake Arrieta,NA,98.2,-0.714555472135544,-0.6,SP,4,x_1414
Trea Turner,646,NA,6.85881328582764,6.9,SS,13,x_1415
Marcus Semien,724,NA,6.62448263168335,6.6,SS,18,x_1416
Fernando Tatis Jr.,546,NA,6.13876724243164,6.1,SS,1.714285,x_1417
Carlos Correa,640,NA,5.77772951126099,5.8,SS,11.7,x_1418
Brandon Crawford,549,NA,5.46972560882568,5.5,SS,15.2,x_1419
Xander Bogaerts,603,NA,5.19687557220459,5.2,SS,20,x_1420
Bo Bichette,690,NA,4.88894557952881,4.9,SS,0.5878,x_1421
Tim Anderson,551,NA,4.28604125976563,4.3,SS,7.25,x_1422
Willy Adames,555,NA,4.06391976773739,4.1,SS,0.59,x_1423
Jorge Polanco,644,NA,3.92060613632202,3.9,SS,4.333334,x_1424
Corey Seager,409,NA,3.68023443222046,3.7,SS,13.75,x_1425
Javier Baez,547,NA,3.64505505561829,3.6,SS,11.65,x_1426
Trevor Story,595,NA,3.53869438171387,3.5,SS,18.5,x_1427
Dansby Swanson,653,NA,3.17758274078369,3.2,SS,6,x_1428
JP Crawford,687,NA,3.13109874725342,3.1,SS,2.05,x_1429
Miguel Rojas,539,NA,2.78950452804565,2.8,SS,5,x_1430
Amed Rosario,588,NA,2.69370532035828,2.7,SS,2.4,x_1431
Francisco Lindor,524,NA,2.65896964073181,2.7,SS,22.3,x_1432
Wander Franco,308,NA,2.50190925598145,2.5,SS,0.5705,x_1433
Jean Segura,567,NA,2.46899151802063,2.5,SS,14.85,x_1434
Isiah Kiner-Falefa,677,NA,2.28721380233765,2.3,SS,2,x_1435
Josh Rojas,550,NA,2.0233473777771,2,SS,0.5824,x_1436
Gleyber Torres,516,NA,1.6616313457489,1.7,SS,4,x_1437
Kyle Farmer,529,NA,1.64878916740417,1.6,SS,0.64,x_1438
Brendan Rodgers,415,NA,1.64125025272369,1.6,SS,0.5755,x_1439
Edmundo Sosa,326,NA,1.63458728790283,1.6,SS,0.5759,x_1440
Paul DeJong,402,NA,1.56361424922943,1.6,SS,4.166666,x_1441
Freddy Galvis,394,NA,1.55756264925003,1.6,SS,1.5,x_1442
Christian Arroyo,181,NA,1.18597149848938,1.1,SS,0.5815,x_1443
Elvis Andrus,541,NA,1.06114208698273,1.1,SS,8.8,x_1444
Gavin Lux,381,NA,1.02224659919739,1,SS,0.5805,x_1445
Aledmys Diaz,319,NA,0.911203682422638,0.9,SS,3,x_1446
Andres Gimenez,210,NA,0.77153468132019,0.8,SS,0.5771,x_1447
Adalberto Mondesi,136,NA,0.600784003734589,0.6,SS,2.525,x_1448
Ha-seong Kim,298,NA,0.589246392250061,0.6,SS,7,x_1449
Jorge Mateo,209,NA,0.486567184329033,0.5,SS,0.5718,x_1450
Chad Pinder,233,NA,0.395895957946777,0.4,SS,2.275,x_1451
Luis Guillorme,156,NA,0.402122378349304,0.4,SS,0.580701,x_1452
Wilmer Difo,240,NA,0.46294778585434,0.4,SS,1,x_1453
Kevin Newman,554,NA,0.333581268787384,0.3,SS,0.598,x_1454
Ehire Adrianza,209,NA,0.248406112194061,0.2,SS,1.5,x_1455
Jose Peraza,154,NA,0.224504694342613,0.2,SS,0.575,x_1456
Didi Gregorius,408,NA,0.0425414182245731,0,SS,12.75,x_1457
Jordy Mercer,127,NA,0.037392895668745,0,SS,1,x_1458
Pete Kozma,12,NA,0.0117771085351706,0,SS,0.5705,x_1459
Nick Ahmed,473,NA,0.0066264290362596,0,SS,8.125,x_1460
Orlando Arcia,89,NA,-0.349474847316742,-0.3,SS,2,x_1461
Willi Castro,450,NA,-0.367933720350266,-0.4,SS,0.5785,x_1462
Andrelton Simmons,451,NA,-0.478561788797379,-0.5,SS,10.5,x_1463
Pat Valaika,281,NA,-0.963066458702087,-1,SS,0.875,x_1464
Santiago Espinal,246,NA,2.17764782905579,2.2,SS,0.5705,x_1465
Alcides Escobar,349,NA,1.70847654342651,1.7,SS,0.5705,x_1466
Nick Maton,131,NA,0.548671662807465,0.6,SS,0.5705,x_1467
Taylor Walls,176,NA,0.454519718885422,0.5,SS,0.5705,x_1468
Yu Chang,251,NA,0.437353700399399,0.4,SS,0.5711,x_1469
Geraldo Perdomo,37,NA,0.292770475149155,0.3,SS,0.5705,x_1470
Max Schrock,134,NA,0.15636533498764,0.2,SS,0.5705,x_1471
Danny Mendick,186,NA,0.175595819950104,0.2,SS,0.5705,x_1472
Oneil Cruz,9,NA,0.0987958461046219,0.1,SS,0.5705,x_1473
Alex De Goti,7,NA,0.0973006635904312,0.1,SS,0.5705,x_1474
Jonathan Arauz,75,NA,0.0274545513093472,0,SS,0.5705,x_1475
Luis Marte,7,NA,0.0161416325718164,0,SS,0.5705,x_1476
Deven Marrero,19,NA,0.0094453236088156,0,SS,0.5705,x_1477
Tzu-Wei Lin,0,NA,0.0054336092434823,0,SS,0.5705,x_1478
Otto Lopez,1,NA,-0.0232959296554327,0,SS,0.5705,x_1479
Andrew Velazquez,68,NA,-0.0343550890684128,0,SS,0.5705,x_1480
Taylor Motter,29,NA,-0.036160059273243,0,SS,0.5705,x_1481
Jose Barrero,56,NA,-0.0393337868154049,0,SS,0.5705,x_1482
Donovan Walton,69,NA,-0.0496888570487499,0,SS,0.5705,x_1483
Wilfredo Tovar,12,NA,-0.0518101714551449,-0.1,SS,0.5705,x_1484
Sean Kazmar Jr.,2,NA,-0.0781912803649902,-0.1,SS,0.5705,x_1485
Humberto Arteaga,4,NA,-0.0896358788013458,-0.1,SS,0.5705,x_1486
Luke Williams,108,NA,-0.111389629542828,-0.1,SS,0.5705,x_1487
Rodolfo Castro,93,NA,-0.126681819558144,-0.1,SS,0.5705,x_1488
Cole Tucker,131,NA,-0.13518151640892,-0.1,SS,0.5705,x_1489
Anderson Tejeda,17,NA,-0.155069813132286,-0.2,SS,0.5705,x_1490
Kevin Smith,36,NA,-0.170112013816833,-0.2,SS,0.5705,x_1491
Alan Trejo,50,NA,-0.240757688879967,-0.2,SS,0.5705,x_1492
Tucupita Marcano,50,NA,-0.342934727668762,-0.3,SS,0.5705,x_1493
Luis Rengifo,190,NA,-0.448706299066544,-0.4,SS,0.5705,x_1494
Richie Martin,105,NA,-0.46235466003418,-0.5,SS,0.5705,x_1495
Zach McKinstry,172,NA,-0.481995314359665,-0.5,SS,0.573,x_1496
Sheldon Neuse,66,NA,-0.608680844306946,-0.6,SS,0.5705,x_1497
Owen Miller,202,NA,-1.10185599327087,-1.1,SS,0.5705,x_1498
Jose Iglesias,511,NA,1.04190999269485,1,SS,0.5705,x_1499
Yonny Hernandez,166,NA,0.529986619949341,0.5,SS,0.5705,x_1500
Nick Gordon,216,NA,0.121526978909969,0.1,SS,0.5705,x_1501
Jose Devers,46,NA,0.071316197514534,0.1,SS,0.5705,x_1502
Luis Garcia N,247,NA,-0.198434293270111,-0.2,SS,0.5705,x_1503
Yairo Munoz,11,NA,-0.200471103191376,-0.2,SS,0.5705,x_1504
JT Riddle,6,NA,0.0821709856390953,0.1,SS,0.5705,x_1505
Andrew Romine,64,NA,-0.291786223649979,-0.3,SS,0.5705,x_1506
Erik Gonzalez,229,NA,-0.717232942581177,-0.7,SS,1.225,x_1507
